"","logFC","logCPM","F","PValue","Group"
"CD99",-0.228383800539819,9.7231009329681,1.13858526871809,0.296320477281298,"None"
"M6PR",0.0377418097020809,7.89310494806106,0.0480687550510532,0.841429683684327,"None"
"CFLAR",0.361112757021609,7.86261946206496,2.12739366483834,0.156273192148933,"None"
"ARF5",-0.142023784617845,7.98318023780877,0.910551809752194,0.408239259381544,"None"
"NDUFAB1",-0.572083897577269,7.45280814574437,9.56094980774561,0.0178847329769814,"None"
"SLC25A5",-0.272094791861555,8.71378815575617,1.36333645433124,0.25359036839356,"None"
"KMT2E",0.284890676723844,8.45939016352344,3.98034029300638,0.0672622149507071,"None"
"MYCBP2",-0.746373407158062,8.09666320018868,16.1374586927798,0.000425674310270198,"Down"
"PAFAH1B1",-0.141588929743941,7.51375124905212,0.44230097426591,0.511680081203463,"None"
"PSMB1",-0.0500204660790514,8.3480690578211,0.178106332520182,0.831705847919528,"None"
"IL32",0.231787667090502,11.928223977302,2.53922023933821,0.122741887274316,"None"
"SEC62",-0.23003120605686,8.63784345695194,2.48089724862792,0.12693400101245,"None"
"CSDE1",-0.270030641212523,8.80855041541991,6.53808264785951,0.0682927696522878,"None"
"TRAF3IP3",-0.287362259240013,9.10883180212493,2.15241547229308,0.154014934806132,"None"
"ZNF207",-0.0661649797117522,7.51027652279822,0.115306904767996,0.736820222828238,"None"
"FYN",0.185076664643901,9.33312722525539,1.3562382630394,0.254422233992209,"None"
"RNF216",-0.297238077438174,7.40932132606544,1.68654882269029,0.205087375031545,"None"
"CD6",-0.206926715299033,8.13014289496343,1.17573215796526,0.340196134108533,"None"
"MDH1",-0.0835170300238096,7.47273370089651,0.116943214960155,0.735032996627342,"None"
"CCDC88C",-0.260523384726171,7.94266600526538,1.78151476311567,0.19315927359504,"None"
"WAS",-0.0493678327721843,8.38973423089665,0.160025125990781,0.692294644480773,"None"
"MATR3",-0.163949240977389,7.74466341333687,0.375023733622721,0.545424619539386,"None"
"CD74",-0.156396312976893,10.726339689381,0.706350582661045,0.40841313591558,"None"
"RUNX3",-0.291547305108634,8.52557918742022,1.23512889223689,0.276761104334818,"None"
"SERPINB1",-0.728005966916077,7.71989413278509,12.7042106260447,0.00141152240879545,"Down"
"DEF6",-0.194368958170126,7.839919854885,1.04691461611743,0.394484026047547,"None"
"PHF20",0.127578754839239,7.59402568047685,0.411505680800721,0.526638769337261,"None"
"VIM",-0.369844237441756,11.1722641245822,9.37568899658458,0.00494775714690855,"Down"
"CD44",0.178490189082086,8.83748174273427,1.26609248221791,0.270447867333674,"None"
"PRKCH",-0.407115057310025,8.9625666129463,13.2266412859708,0.00115260605854583,"Down"
"BCLAF1",-0.039968345772457,8.43235079772367,0.0551280687935806,0.99501396953634,"None"
"TMSB10",-1.18716457021842,12.7851215463688,103.856060531762,9.91715017728135e-11,"Down"
"GABARAPL2",0.229890172807234,7.75301487684804,2.30320729334813,0.178133141607765,"None"
"BOD1L1",-0.236520891905084,7.65989114051197,2.46075314756683,0.255615842976611,"None"
"MAT2B",-0.0776454230498898,8.01950272721543,0.19850420584297,0.715980852225092,"None"
"LCP2",0.139996851225117,8.93370293087936,1.30643392870652,0.263119463072513,"None"
"HSPA5",0.237530419598677,8.68272001012186,1.44071294029936,0.240495566974143,"None"
"TPR",-0.166669063585316,8.00417777689091,0.837352329491848,0.424699944284658,"None"
"ZNF800",0.23929920178996,7.44847883611698,1.94284951276469,0.222530271127858,"None"
"RSF1",-0.0735246178609283,7.66780939059053,0.184966694672105,0.721477080136682,"None"
"CELF2",0.0914694724283904,8.97728572755632,0.250081817333639,0.62108687533526,"None"
"CYBA",0.0387471754467147,10.4398868611235,0.078977937302206,0.780839156423395,"None"
"TTC17",0.177475287351314,7.47262485339547,1.23620471726318,0.382320608346456,"None"
"FOXN3",-0.396678330974798,8.31608227971904,6.16954486458782,0.0242310097429569,"None"
"THRAP3",-0.3317079959165,8.15425347497673,4.1247088295814,0.0676690833807515,"None"
"ARID4B",-0.145391671961295,8.08789804382792,0.635910322073626,0.432183698282661,"None"
"SYNE2",0.607817692490469,8.88400226593078,8.70975622639559,0.0066489571823152,"None"
"NOP58",0.295964773907617,7.71357226351559,2.46434231146269,0.128154310616047,"None"
"CYFIP2",-0.385910418273051,8.35143442074271,3.7911618470815,0.0620418148137071,"None"
"GDI2",0.0231269417947501,8.23643475217063,0.0252113585695884,0.908974338091792,"None"
"PRDM1",1.46793150399576,7.86554350233736,6.47146375008417,0.0188741147687084,"None"
"PPP1R12A",-0.248856104134006,7.90385478939932,1.97799757946021,0.185061555313217,"None"
"WNK1",-0.172789588302871,7.54671284274845,0.725485700102243,0.404017175795777,"None"
"GPBP1",0.0526520394244543,7.59409837464017,0.0453489153830679,0.832970508884894,"None"
"EIF4B",-0.0649178454037878,9.24029274934242,0.214323102273133,0.647126070558734,"None"
"CASP8",-0.00886012553975893,7.77788510978159,0.00231194520092386,0.962005813872323,"None"
"CNN2",0.235072694192999,9.21021325443853,3.19206289449307,0.0852809674409906,"None"
"ANKRD44",-0.538465744815655,8.8769239325435,14.6920010028833,0.000691154769481012,"Down"
"NDUFB4",-0.401613454575043,8.11461514481471,7.22456456637858,0.0316062494744949,"None"
"ZC3H15",-0.0868602807155554,7.81608165927604,0.294339000166732,0.616251203544086,"None"
"FAM107B",0.26298620624962,8.94894770006263,4.64170027364801,0.040328994210159,"None"
"YBX1",-0.139214814318918,10.4011064138541,1.77409554241401,0.224396209796354,"None"
"SP100",-0.0256060305971166,8.6037332723149,0.0165531929444674,0.898585110632343,"None"
"KLF6",-0.00783081567826937,9.20748636915405,0.000664328849027803,0.97966498707489,"None"
"TRAM1",0.194009391756335,8.02949409725604,1.17440725122653,0.288122471080907,"None"
"PKM",-0.0137375159039184,8.59882411090505,0.00953952249697239,0.922918598746747,"None"
"RHOA",-0.145615690140403,9.6751683073556,2.11728795738049,0.210577180504387,"None"
"ROCK1",-0.119162369743509,7.63604999424585,0.412540090873885,0.563277985709441,"None"
"KIF2A",-0.338362926563619,8.70442096875269,6.27614366180352,0.0530082703988956,"None"
"RASGRP2",-0.761845698276152,8.21488596239836,9.99120208355741,0.00387166854846213,"Down"
"NUCKS1",-0.327505674783429,8.33578054243068,5.56256356887296,0.0623080780242808,"None"
"CLEC2D",-0.601045725412799,8.5199306212719,5.89764617299108,0.0223016195158277,"None"
"RORA",1.1602465440987,8.38985864053061,49.7884849387927,1.41690837164047e-07,"Up"
"NUCB2",-0.981057196665362,8.10328190244552,8.61526285323593,0.00695801064899777,"None"
"PABPC1",-0.179401229090387,11.0914416044569,1.25489981989527,0.272528026529833,"None"
"CDC42",0.172338709483656,9.23497769078043,2.85822693090271,0.188551934972807,"None"
"NCK2",-0.107700904903232,8.0320777217104,0.165477150328307,0.687454830799175,"None"
"MGAT4A",0.328845039494315,8.36748349462251,3.36734978010233,0.0775900535458643,"None"
"WDR1",-0.64191435134197,8.46574310652774,16.8177103982104,0.000341000175875025,"Down"
"ACADVL",0.156639120290242,7.31609342838994,0.568879836175321,0.457261298201316,"None"
"STK10",-0.135846027693799,8.1719662563043,0.799614457750061,0.404037283286716,"None"
"ACAP1",-0.295853824106183,8.48214577645397,5.58476194183064,0.0730920445944949,"None"
"SDHA",-0.269476894470056,7.55853647978665,1.76583386686104,0.219964772663716,"None"
"SMARCE1",-0.246925638708889,7.44939746139811,1.15571242656433,0.291911721578584,"None"
"ENO1",0.126499506861304,8.87332036944101,0.925308966166244,0.344658701531692,"None"
"SRI",-0.102571141914792,7.79828960076438,0.246331499114291,0.623704401873401,"None"
"ZNF638",-0.232700636337739,7.51077009713127,1.02542283886024,0.331462226065131,"None"
"SLC25A3",-0.230217735120434,8.78318872261682,3.40679896112228,0.102280896460814,"None"
"ACTB",-0.145222600318596,13.6624558007445,2.24380111603918,0.145802931036479,"None"
"RAB7A",-0.0723839302519201,7.8284456793599,0.210914292682266,0.778577957923821,"None"
"ARHGAP15",-0.116381080237474,9.59295080547271,0.412886750428678,0.526049550930621,"None"
"ICAM3",0.412528007366088,8.71623238131786,9.83431656378278,0.00411938626730249,"Up"
"ARHGEF1",-0.366502906708566,9.06685526116729,10.0840500425364,0.00804172258736564,"None"
"SNRPA",-0.302575461416464,7.51360307000184,1.29937683875143,0.264382699476284,"None"
"APBB1IP",-0.746887746690532,8.66557401583271,22.3820440626554,6.33940784382071e-05,"Down"
"CAPZB",-0.408106706410227,9.34278835892453,12.3998265463934,0.0015531103466013,"Down"
"CST7",-0.0204828015477084,10.0304699095752,0.00262728502712525,0.959599949764485,"None"
"PPP2R5C",0.0149917392585555,8.86692089490914,0.0056808015513196,0.940477600279423,"None"
"GNB1",0.011033781041393,8.15088529614149,0.00506925606600866,0.984583192774557,"None"
"PCM1",-0.27433618021967,7.86354440323136,1.29114184992318,0.265866730990358,"None"
"XRCC5",-0.267849057997903,8.53632631433502,3.85256626869226,0.0880001418282002,"None"
"SMARCA2",0.143438148917848,8.00234620745464,1.11903663999263,0.491010257333162,"None"
"HSP90AA1",0.297942163366477,9.77769947822339,6.42379395953947,0.0173969056248715,"None"
"TCF7",-1.12471492021322,9.61694977099263,16.5807930278683,0.000457023536345259,"Down"
"PTPRC",-0.35854979673239,11.0892095182228,11.5670287465798,0.00211328589550766,"Down"
"STK17B",-0.0586807328161585,8.71011595024904,0.131445799934422,0.719772768484418,"None"
"BZW1",-0.156827047695998,8.43985398183656,1.22484919364332,0.325301053977269,"None"
"CYLD",-0.114856179035299,7.71419728460832,0.184237531154144,0.671177315327383,"None"
"YTHDC1",-0.389364870172566,7.56375612658096,3.51451146771584,0.0744425624388961,"None"
"SMAP2",-0.759156722373401,8.67694615614308,7.93769727767364,0.00921112017823667,"None"
"REST",-0.691183040536432,7.70661872101429,11.4223527335606,0.00223124671165382,"Down"
"GSTP1",-1.17870848713356,8.52588338016682,18.1693271274349,0.000231434647117934,"Down"
"EIF3I",0.121918741608866,7.62167569364139,0.35531239154169,0.568042047659471,"None"
"HADHA",-0.262982478377075,8.13669799359404,2.24058801929072,0.191233397015659,"None"
"ATRX",0.169722816978969,8.20296625858974,1.40268113295511,0.275428386594531,"None"
"DNAJA1",0.167454249751412,7.76948775472905,0.749038190972015,0.394439702190492,"None"
"TMED2",0.397411966040337,7.58081695436823,3.79839744921383,0.0618088643691647,"None"
"FTL",-0.0940007282158727,11.4824536804013,1.16957680075198,0.28909528042635,"None"
"BAX",0.0044974633076761,7.96862018932259,0.000796151530259132,0.9935208413668,"None"
"PSMC5",0.187853281052052,7.97183855009131,1.84946512670599,0.241594738126714,"None"
"ADD1",0.0292410501328478,7.65333663252385,0.0210829129189248,0.989356526679861,"None"
"SF3B2",-0.0294885299806719,8.53559344537178,0.0439186599984517,0.835585219867155,"None"
"GNAS",-0.157930825190471,10.0182870307999,2.75233115868854,0.108737320645482,"None"
"PTPN4",0.223355669693201,7.77926449754256,0.907579367477229,0.349246048224792,"None"
"DDX18",0.316889669434985,8.02252036362364,3.9890914615919,0.0560107292358252,"None"
"FKBP1A",-0.647014262110935,7.80741703979202,6.91960277915165,0.0139373227794854,"None"
"XRN2",0.219317907201294,7.53846399254057,1.32952078748548,0.334147428933308,"None"
"ANAPC5",-0.218681619592059,7.71423106913164,1.044864070773,0.32023653943726,"None"
"PEBP1",0.084497241543314,8.40574028807691,0.274822577795704,0.604411286352514,"None"
"ERP29",-0.290820335990818,8.9936881447545,7.12957621318455,0.0394682776194264,"None"
"FUS",-0.358002463591351,9.12491406746984,7.95213119686204,0.0117929670750439,"None"
"FXYD5",-0.422143215759349,10.3728879282328,14.8888973131912,0.000646275266166537,"Down"
"DDX24",-0.229210459740617,9.0066711947973,3.11446924492918,0.131842158955444,"None"
"ARHGAP4",0.0951767933886145,7.6658990908747,0.310889811902466,0.581748689870934,"None"
"PAPOLA",-0.127524348340409,7.88270391663474,0.806026499986788,0.553176441151056,"None"
"YPEL3",-0.226080108889091,8.68091723849161,2.33588384113177,0.138106284041249,"None"
"NDUFB2",-0.545273404634729,8.60062300685749,25.0882172784861,0.000365626915069988,"Down"
"NUDC",-0.183355591512271,7.4344316006613,1.12050151431532,0.431257727527051,"None"
"FLT3LG",0.295589178023103,8.45538658452047,1.14594093672358,0.295023451488923,"None"
"GLG1",-0.551637271593164,7.82940500810596,8.26769910136909,0.00780016420993451,"None"
"OSBPL8",-0.286327391338769,7.82684480155145,3.04680552139492,0.158833538234641,"None"
"CDV3",-0.395085217640089,8.17410874378118,8.40074117503185,0.029456994481573,"None"
"PSME1",0.0390368893456581,10.113844636812,0.133490725970064,0.717699119657305,"None"
"HNRNPC",-0.061309811650634,8.84454334728846,0.140478543964905,0.710746597055773,"None"
"EZR",0.337381801878309,8.6711844815794,4.34111201609529,0.0468419847735218,"None"
"MYL6",-0.134852916473383,10.4532062523624,1.47655087348577,0.23488060874229,"None"
"HSP90AB1",0.0410016114349127,10.4462982422332,0.151370435851642,0.70029414971534,"None"
"HNRNPH3",-0.308845046122264,7.61613149267592,1.85861071020635,0.184095737657766,"None"
"PSMD8",-0.204414747359361,7.76763708588651,1.09950836690264,0.30706135227989,"None"
"CIRBP",0.231210929805966,9.55311894187682,3.32554767316044,0.079349753681996,"None"
"HNRNPM",-0.0673271282115339,8.51747067222548,0.290629513899685,0.767548911445639,"None"
"NDUFB7",0.190723248881819,7.88568175484258,0.943281797142906,0.340094095364215,"None"
"TECR",-0.129198529930796,8.02930040475885,0.379873389360291,0.542855778721676,"None"
"POLR2E",0.174682747796916,7.49538077700534,1.06277014867822,0.357511867940435,"None"
"MKNK2",0.325651414655528,7.66504882492206,2.1212577859669,0.156849495894557,"None"
"DDT",-0.335148049801838,7.8308578461882,1.48017045951442,0.234322768234497,"None"
"SF3A1",-0.538892971688121,7.67820779634722,4.78704353148644,0.0375469342046994,"None"
"MFNG",0.096053966031189,7.64100610548089,0.189129390538835,0.667113789044413,"None"
"SH3BP1",-0.269597006894099,7.59156896586118,1.3230609331587,0.260173893021236,"None"
"LGALS1",-2.60117469690428,8.50948480818505,11.958196852532,0.00232613602429784,"Down"
"PIK3IP1",-0.510822555208013,8.57123191199369,1.69525369130596,0.206150780921804,"None"
"EIF3L",0.0212491978522699,8.93931519091707,0.0141508218603071,0.906193792383778,"None"
"DDX17",-0.468744363467815,8.40877757899077,8.74629151063656,0.00639336486513429,"None"
"TOMM22",0.0410478245106857,7.53781466654907,0.0374249867879296,0.848056724833887,"None"
"XBP1",1.0485170754411,8.22135956134345,38.4601746817934,1.26982802820958e-06,"Up"
"SUN2",-0.484116570096878,9.27026359557671,8.39170842196307,0.00740585161227987,"None"
"TSPO",-0.0373936543610605,8.04583887358308,0.0399471404676126,0.871261847547175,"None"
"MYH9",-0.0414668692128167,9.43628252128183,0.126921888699041,0.72442621076598,"None"
"EIF3D",0.27399966688768,8.11922950247171,1.15190921842288,0.293041962527086,"None"
"TNRC6B",-0.37816099216521,7.94867745883569,2.71849573397727,0.110831569290204,"None"
"ST13",-0.336816395077698,8.78258666536871,3.31753238555421,0.0796923319503724,"None"
"GZMH",-3.45131710565869,9.3753351521679,13.1206152209428,0.0016268241046697,"Down"
"NIN",-0.0766340065475526,7.65999148871078,0.105821774726282,0.747470597149322,"None"
"DHRS7",0.275743014994347,8.18176927752668,2.50179578893188,0.125412891663263,"None"
"ERH",-0.0696450407034322,7.9323658442437,0.132269838033694,0.84152694239016,"None"
"SRSF5",0.00146264757924987,9.69645834858336,7.03401840809228e-05,0.993371480749252,"None"
"EIF5",0.1097657172245,8.12504497875467,0.62772505084388,0.617393776954096,"None"
"YY1",-0.121619758826164,7.9008538687975,0.469059378835491,0.554069997410372,"None"
"PABPN1",0.10306508701573,8.47214189615407,0.564182183455426,0.459105766586514,"None"
"PSMA6",0.152838748725074,7.84527020745255,0.6081514728723,0.442297369903959,"None"
"NFKBIA",1.19152937755711,9.66298573732404,11.4033568220416,0.00281701336421123,"Up"
"PSME2",-0.0339255604842159,8.89768805567376,0.0359794120644471,0.850983082411194,"None"
"PNN",0.0542900624099673,7.65676851982041,0.0676529341212515,0.796767262638175,"None"
"STK4",-0.358231139437187,8.83076143305003,12.3577387093575,0.00887818254837915,"None"
"PSMA7",-0.0414633606774368,8.65514628882103,0.0980168289269968,0.918674035891707,"None"
"CDC25B",-0.373978481450909,8.05172328501445,4.35419576342643,0.0628091004752252,"None"
"SAMHD1",-0.402804844295615,8.80590550111503,6.90164743598951,0.0140485292625003,"None"
"CHMP4B",-0.818731361438298,7.31775120942822,10.3635542681234,0.00334610691027582,"Down"
"VAPA",-0.172777005912642,7.62093938612164,1.09580018867554,0.380000465199862,"None"
"SMCHD1",-0.228244116690937,8.81973111604694,1.90692144331196,0.178679564575008,"None"
"MYL12A",0.0383697647039409,10.9695617821867,0.181445849368475,0.712310827355638,"None"
"RNF125",0.292561846024574,7.79171889306527,0.698761663547514,0.411617297911638,"None"
"ANKRD12",-0.00940162151779136,8.95484283686717,0.00621825246148863,0.937731344658224,"None"
"STAG2",-0.253283071478679,7.54820973041369,1.77672059614041,0.252495024441599,"None"
"RBBP7",-0.365816913245258,7.33961788517798,3.33374434842553,0.154414056707249,"None"
"EMD",0.290498652231623,7.5869641934855,2.26587640086447,0.14704501257821,"None"
"PGK1",-0.258255215919669,8.9308198139095,4.05126269003528,0.0597366586241652,"None"
"RBM3",0.174762058884821,9.01351683129911,1.1090919193736,0.30165442404946,"None"
"STK24",0.303688303496534,7.55179019617408,4.31508626176945,0.101448357510704,"None"
"CORO1A",-0.0202429829615364,10.6373607880656,0.0301758346452674,0.863393430135859,"None"
"PSMD7",-0.213777806126556,7.39716137907965,1.17338948381371,0.42435930831222,"None"
"COTL1",-2.09633501359055,9.14400775187396,24.979391319943,5.05019296443012e-05,"Down"
"STUB1",-0.436417075580885,7.68665729377378,3.79167357791422,0.0620253071313571,"None"
"UBE2I",0.0751260938032438,8.10049119386724,0.243338975622608,0.625810998768143,"None"
"HMOX2",-0.214438405840958,7.65055017442661,1.30332646645686,0.286421437895834,"None"
"RBL2",-0.195088266305859,8.73574953029619,1.12934284214837,0.297369929912494,"None"
"MAZ",0.200455292644888,8.27461194789136,1.26029988576404,0.271521829745361,"None"
"CSK",-0.242035268224089,8.49797128717271,2.21355430540799,0.14844113618363,"None"
"RAB2A",-0.43083406084235,7.55350789059746,3.77305644009457,0.062629069629246,"None"
"EIF3E",-0.12377547631611,9.09785107498811,0.354317507460991,0.556811394941219,"None"
"EEF1D",-0.0431302415840655,11.2209443062477,0.219407233722312,0.643268135427345,"None"
"LEPROTL1",-0.474152315317871,9.01808722612734,4.23147839487034,0.049973561449602,"None"
"NUCB1",-0.322041480751792,7.66618297180068,2.57586159991527,0.142485585533218,"None"
"ECH1",0.0315379131254388,7.80742210405983,0.024773285198406,0.876109628938826,"None"
"HNRNPL",-0.363147921213705,8.47410821277346,4.61978404374344,0.0407680754682134,"None"
"SNRNP70",0.0206936965503582,7.41994213129149,0.00992282825586507,0.921390453955893,"None"
"CD37",-0.128644569613424,9.80578034544906,2.42905610655874,0.224197727657192,"None"
"SF3A2",-0.0342799848362032,7.64757994087009,0.0405977228020141,0.874565802488487,"None"
"OAZ1",-0.0265030791712178,9.9741512329271,0.0770000035365704,0.783527821000011,"None"
"C19orf53",-0.145595393689155,8.65800582826693,1.07796382314439,0.317711631609666,"None"
"PPP6R1",-0.494092956338551,7.33224532444869,5.65176969814877,0.0507924478247958,"None"
"RASAL3",0.0418086078510272,8.15999833458931,0.060747858995055,0.95936270023049,"None"
"URI1",-0.359825689465865,7.97902951863921,6.05269156186039,0.0753083719639464,"None"
"FBL",0.0446010803516573,8.2329434691724,0.0458104120485971,0.832136060725875,"None"
"GPI",0.11768016486497,7.98089713006164,0.486494059152836,0.561778054146623,"None"
"TBCB",0.0895833300561908,7.69532192441984,0.160199155681498,0.692136399914399,"None"
"HNRNPUL1",0.345759598836261,7.96613768477182,3.20705091803245,0.0845903890821908,"None"
"TGFB1",0.318297387942722,9.80501909282187,3.81278759157145,0.0614073589426886,"None"
"NKG7",0.259440563281645,11.5774779698114,0.466558833336616,0.501961799807676,"None"
"CDC37",0.0522274803552413,8.65148541501483,0.176171958895096,0.687449420594619,"None"
"NAPA",-0.170840312852474,7.46168628322766,0.463353948148792,0.501882454930536,"None"
"RABAC1",0.126479826352911,8.37775876891025,0.907432269111784,0.432369289016495,"None"
"PPP2R1A",-0.147033132513398,7.709944647318,0.626482152716358,0.529396567195685,"None"
"WDR83OS",0.0409121969854592,8.23898122862928,0.0687835989419243,0.795115626612195,"None"
"COPE",-0.164064735595646,8.0251711856223,0.511974906302287,0.480454707174319,"None"
"FKBP8",-0.076140766053746,8.40678426489865,0.302998566545194,0.645222401001216,"None"
"MTPN",-0.0592968994334227,7.62447154475739,0.0620242047805898,0.805217851207887,"None"
"ZC3HAV1",-0.15477288834789,8.43917101569886,0.62468693605691,0.436228608640172,"None"
"H2AZ2",0.0334685851620547,8.3232729677775,0.04071104066252,0.841615893313607,"None"
"SSBP1",-0.0374227711649582,7.91695425198912,0.0690603957010087,0.809010783446942,"None"
"TAX1BP1",0.0821811492886669,8.06979052454523,0.221458666298879,0.649448181167282,"None"
"CHCHD2",-0.0717885702521621,9.50505435652556,0.387213354990334,0.780985711153378,"None"
"HSPB1",-1.28574192553474,8.13451215686845,18.5395113498243,0.00019779930799664,"Down"
"PDAP1",0.18722174000826,7.39367564346403,0.926250371406244,0.344417491244146,"None"
"PSMA2",-0.194576117797781,7.78324024501641,0.869046700693102,0.359517457466861,"None"
"EIF4H",-0.141477079974614,7.83360496595684,0.666915440589099,0.54089845506837,"None"
"SEC61B",0.435537867869259,8.60559152439611,8.31370499237191,0.00765127115492306,"None"
"AKNA",-0.00948060602499744,8.31770644895778,0.0016498737676573,0.967901919215928,"None"
"DOCK8",-1.02387477375132,7.81061470156803,28.2485908587342,1.32559432848313e-05,"Down"
"EDF1",0.155388252973268,8.91570026225404,1.66910481058971,0.207376052284088,"None"
"EIF3A",0.206128857059039,7.84188623885693,1.50430547672968,0.230645565475684,"None"
"SPOCK2",1.07218540238742,9.18567879299671,61.3640827832453,2.07551831091354e-08,"Up"
"KPNB1",-0.129418480306236,7.8434642638365,0.406254493046106,0.529268659873246,"None"
"PFN1",-0.278435463766098,12.0996072944252,5.9222965591869,0.0218801502682319,"None"
"RNF167",-0.255803255049823,7.88083464927795,1.43120792229623,0.242013256623797,"None"
"C1QBP",0.0978913684659131,8.00915981839873,0.261464725491535,0.613290449812306,"None"
"DDX5",-0.0825335782513345,11.2441155751958,0.573504294024594,0.455457268014919,"None"
"CYTH1",-0.465031862618448,8.59482160861819,7.73781490948257,0.00976289650115204,"None"
"RAB5C",0.248649818554341,7.54327089371741,1.34244041064607,0.256794167425402,"None"
"SLC9A3R1",-0.211444481101458,9.11343536082697,1.09610738484855,0.304657838870635,"None"
"OCIAD1",-0.092228154148132,7.87864001907694,0.427027041535277,0.67610593014274,"None"
"UBE2D3",-0.137090487235271,8.91849631553918,1.89941170852753,0.339611466726249,"None"
"NDUFC1",-0.561024958281699,7.78623259780321,6.05345386850465,0.0205961594316008,"None"
"INPP4B",-0.719404434444074,7.98179309671687,3.21757399925313,0.0857275099724893,"None"
"KLF3",-0.234908270983856,8.03376657427403,1.07814874290528,0.308362445074669,"None"
"CTSC",0.220754086692393,8.19171834106163,0.504484971063555,0.484513187818316,"None"
"FNBP4",-0.360538781343404,7.75412121015094,3.26411503892842,0.0820189386927001,"None"
"HSPA8",-0.198528580552798,10.6956870904478,3.06704243076174,0.0912994473572189,"None"
"LPXN",0.0560001566512573,7.48277706341368,0.0747686938926836,0.78660605072673,"None"
"EIF4G2",-0.0263266950142608,8.57210592817128,0.0482521053359399,0.979318785200299,"None"
"IL10RA",-0.3375099758703,8.37089190101028,2.00108870830685,0.168665989993062,"None"
"DDX6",-0.170238795736424,8.30264516163814,1.48891136429456,0.277704671336618,"None"
"CD5",-0.768487941030068,7.8943771949066,4.88411518914826,0.0362765376640144,"None"
"AMBRA1",-0.0242533134597588,7.67973517909214,0.0136774024658748,0.907768765264234,"None"
"CD81",0.190944953222617,9.3334810845267,0.745305664826763,0.396319497299629,"None"
"C11orf58",-0.195748163196923,8.55125055093583,1.29329789273548,0.265477148406396,"None"
"AIP",0.179577499641748,7.60406002535344,0.968553038975935,0.333817128924654,"None"
"NDUFS8",0.0632684777330327,7.54810788596661,0.144410150904847,0.706921579301708,"None"
"CD69",0.987671183058647,9.7052501627048,9.73660868735973,0.00508013984150217,"Up"
"CLEC2B",0.217665647110526,8.31917196481547,0.939638403523405,0.341064176450681,"None"
"SELPLG",-0.0054133577188535,8.62455363767168,0.0019384064452293,0.96520804488011,"None"
"BIN2",0.0427127244142602,8.97886275838557,0.0944918615474963,0.763313725249383,"None"
"PTGES3",0.00593162128502363,8.78649459565888,0.00229352087643919,0.962157387608507,"None"
"ARPC3",-0.331956179129009,9.72923820669287,13.893549968402,0.00133215524556827,"Down"
"CDKN1B",0.483014821855992,8.07593390854033,7.9737825939578,0.00882927335136497,"None"
"ARHGDIB",-0.345966588242722,11.0750068264426,21.0101910538265,9.40831399816158e-05,"Down"
"SLC38A1",-0.812786667865513,8.12931433105324,12.4953684060067,0.00149993584605814,"Down"
"GAPDH",-0.335441293848524,11.0746295358326,5.35399396976199,0.0285609031223486,"None"
"TPI1",-0.141732952690337,8.97789137505159,0.829132759860377,0.370616773678798,"None"
"C12orf57",-0.533319557362845,9.87159438438788,18.1021999752532,0.0002266456483521,"Down"
"PTPN6",-0.225176693834964,8.11979138758025,0.919498081883689,0.346152840233304,"None"
"LDHB",-0.957621127355164,10.2105232147189,14.8530883094426,0.000783704157513165,"Down"
"COX6A1",-0.0247663415595875,9.24483897915659,0.0570674037013198,0.987785736565695,"None"
"SRSF9",-0.0782494055811611,8.17011240347848,0.244088690265813,0.625281719638185,"None"
"KLRB1",3.50841294187596,9.48961860213189,117.950081943455,3.96158458795405e-10,"Up"
"RWDD1",-0.0229374292847737,8.08298190781531,0.0234001144050666,0.984223540188259,"None"
"SERINC1",0.114540279742552,7.7258941227472,0.473153240202207,0.539157699803111,"None"
"STK38",-0.562145541823851,7.80861105102872,4.38284784474528,0.0458711665506037,"None"
"SRSF3",0.585891954719625,8.30528592944101,13.1384781861658,0.00118943912848298,"Up"
"SNX3",-0.283716800704401,7.97735894205296,3.52561090759311,0.140396234813542,"None"
"PHACTR2",2.16599103464205,7.62167341613592,109.899200067759,6.97410473723885e-11,"Up"
"CUTA",-0.0422635082395659,8.63931826741236,0.0595612393741598,0.809043905049263,"None"
"CCND3",-0.117172800592669,9.50864981527766,0.662808960864105,0.422723876375052,"None"
"COX7A2",-0.113498244989157,8.96056368869433,1.00471912245977,0.392785960312663,"None"
"SENP6",0.00999563588566757,7.55180564292918,0.003314252659718,0.958852606659759,"None"
"PRPF4B",0.180221806267906,7.77861561863959,0.771535933300501,0.38752643348592,"None"
"HSPA9",-0.00399319198978367,7.58132653657959,0.000638203150932427,0.985918711222199,"None"
"GZMK",1.45595030147162,9.59401106291292,25.1534149292352,5.26433390358829e-05,"Up"
"IK",0.0106303095964926,8.33295682647933,0.00772022289090669,0.979146247046917,"None"
"ITK",-1.52192842019661,8.41612408980943,19.2879000240296,0.000183769243128301,"Down"
"SUB1",-0.480857338471219,9.06029839968413,9.52221836065787,0.00466494488249604,"Down"
"LNPEP",-0.0830890937225346,7.81310092071051,0.202395074574101,0.656401608337477,"None"
"SKP1",-0.132513971181012,9.29442930568592,1.26371634556604,0.322903291593538,"None"
"PPP2CA",0.186207282455053,7.38256521029292,0.824621071594127,0.371902251409068,"None"
"NR3C1",-0.356293163392224,7.53865522964755,2.54453921079878,0.143213467471888,"None"
"CSNK1A1",-0.276256932023461,7.73514415642626,2.54090296804601,0.184621092641213,"None"
"ATP6V0E1",0.027013059002317,8.72140925782647,0.0452672845372268,0.940366107189247,"None"
"RNF7",-0.101475591750917,7.56591304053429,0.329165620766678,0.661135695145194,"None"
"XRN1",0.0289933332340186,7.64831825476249,0.0405245073999776,0.919163828171155,"None"
"ACAP2",-0.197410414773328,7.94035156553688,1.67238188500311,0.222551220133014,"None"
"GNAI2",-0.245561529973596,9.06279921033323,4.89535563425437,0.0452461119273368,"None"
"CBLB",0.115838585822806,7.9232669531325,0.273876355560525,0.605031064030649,"None"
"ABHD14B",0.106093508310306,7.54335693236676,0.234552095641458,0.632091583660048,"None"
"FOXP1",-1.77376002573801,8.87174268149069,24.3079825386498,5.28674204035994e-05,"Down"
"SPCS1",-0.0742185553693844,8.66541801153556,0.453218216993508,0.772063526697729,"None"
"EEF1B2",-0.0952311888468483,11.6476344404985,0.395163641356626,0.534903119812816,"None"
"MOB1A",-0.368957174880386,7.64581441030779,4.3470561832266,0.0915737979332294,"None"
"NCL",0.00089890775796223,9.7950572049072,6.64988445020387e-05,0.993553797081794,"None"
"ZAP70",-0.259774946007246,8.70000310976613,2.62013626527333,0.117190612752129,"None"
"ACTR3",-0.18720793488393,8.89209290653127,1.29326391272474,0.265483282626323,"None"
"CYTIP",-0.00338261615419879,8.75964615230557,0.000355890978999661,0.985088075799915,"None"
"ITGA4",-0.965064778157643,8.95284084057498,21.8946708796379,7.28393605562848e-05,"Down"
"SNX17",-0.409848939192959,7.37808854526844,3.91158986331163,0.0920001608853823,"None"
"PPM1G",0.0168985687256097,7.68458206107059,0.00791847120691671,0.929752886441915,"None"
"NDUFS7",-0.173632341704906,7.46325582067811,0.765538197043994,0.505979663452116,"None"
"AUP1",0.146026400112452,7.63243118106824,0.711312522654346,0.602461835320233,"None"
"GLS",0.23091893099426,7.84528127866416,2.25914963148031,0.228973153151078,"None"
"USP34",-0.191140016708995,7.92407457835013,1.93177450909966,0.330931846114523,"None"
"CCT4",0.013144340795978,7.98134919679485,0.00756972797434356,0.931313071102874,"None"
"GNLY",-0.511951718607177,10.8816283405502,0.423283334935511,0.522506293434892,"None"
"SF3B1",-0.240725192341161,8.43399396159857,3.36703962944613,0.152916485870974,"None"
"HSPE1",-0.132295772913297,8.06897328994642,0.540264272006708,0.568334709439817,"None"
"BIRC6",0.22258272341852,7.52663392718592,2.1425291856807,0.258798474900605,"None"
"SRSF7",0.128933665933708,9.04700273223049,0.45823383557134,0.504339415308763,"None"
"WIPF1",-0.151504967802227,8.79328552292645,1.23642646018204,0.276007199316193,"None"
"COX7A2L",-0.207139205293485,7.99201583447145,1.27804340986688,0.327929242043395,"None"
"AAK1",0.0571436568212508,8.23116658923574,0.0826761548655094,0.775908109833273,"None"
"SUMO1",-0.134792721163847,7.59001272301489,0.719256958026585,0.535175568498604,"None"
"TMEM59",0.0407050496858276,8.32674722023623,0.0680560871816043,0.836166507141068,"None"
"PARK7",0.0952894535079887,8.63730908406331,0.913160961863047,0.402457442730044,"None"
"SRSF4",0.000673255496348966,7.60203660172785,1.52119135300676e-05,0.996916863893278,"None"
"RAP1A",-0.257250191621727,8.19100351898136,2.66097094736672,0.173158645453043,"None"
"HDAC1",-0.220703273771928,7.84213550411218,1.14528500487884,0.319630484690657,"None"
"CAPZA1",0.00252897571847523,7.76640862892877,0.000152675300336329,0.99431957457307,"None"
"ASH1L",0.0835249956628803,7.70355281426701,0.207164505809265,0.663188338377542,"None"
"SFPQ",-0.111387177909312,8.68598138411987,0.678203324153396,0.425858796198798,"None"
"SRSF11",-0.347688996826149,8.36479719742767,5.13006673779402,0.0343110429359072,"None"
"CD2",-0.173006770886813,9.20856831729396,0.862810198716405,0.361220084920189,"None"
"CD48",0.0479055001260315,9.62820936259092,0.229297709879927,0.63591733794475,"None"
"CD46",-0.116141742583468,7.60418767634375,0.367611290570935,0.724802827673194,"None"
"PRDX1",-0.297155334919051,7.80082059696724,1.28649737248372,0.266708479255531,"None"
"PRRC2C",-0.0173928964021062,8.71607204612014,0.0222106405689993,0.900468999105271,"None"
"PRDX6",-1.05236633683555,8.05692632855858,19.2789336087407,0.000157640960962178,"Down"
"SYF2",0.116539657575194,7.8995393638378,0.525314294163126,0.474845692244268,"None"
"CTSD",0.104251718532513,7.83234076144116,0.181012601190359,0.67389140455205,"None"
"KMT2A",-0.0390998438172122,8.16699139553567,0.0748038822419393,0.92629262664147,"None"
"SPCS2",-0.363969414219437,8.23456156050936,3.22149021485484,0.0839311278602132,"None"
"HMGN3",-0.259561803280898,7.87071246075946,2.04193208452694,0.208538897557661,"None"
"PHF3",-0.0958161974975425,7.95228597457259,0.281394569546343,0.736257213104669,"None"
"TNFAIP3",0.630251656978673,9.14632444316559,2.10735568002295,0.161241101490496,"None"
"VAMP8",-0.0723309638453352,8.27056376207376,0.364116959400487,0.668761390781404,"None"
"MYL12B",-0.32339498270098,9.64537632709274,5.24766756587066,0.0300459530581343,"None"
"RPN2",0.0812171847016191,7.97514057496324,0.253336689268382,0.618835067040597,"None"
"CCNI",-0.126422901109985,9.68499696846471,1.42146767966869,0.498950080870482,"None"
"KLF12",-0.0698255058923952,7.7873879030954,0.112785715907292,0.73960193426627,"None"
"UBE2B",-0.470703106717519,7.73535805088382,5.58290505080477,0.0422901928769425,"None"
"PTBP3",0.231358803041168,7.51730782582227,0.865245216713267,0.36055393564751,"None"
"SET",-0.370971814987434,9.28985443314802,7.76853494422518,0.00963546541692714,"None"
"RBM25",-0.349940715501528,8.16243549514897,4.23104686454012,0.0495142773116304,"None"
"DUSP1",1.59343174861523,10.8248295685041,8.8441592474059,0.00731806764053931,"None"
"EPC1",-0.120028827686026,8.39186532062176,0.518292616217028,0.627554616758769,"None"
"ELF1",-0.294458310477051,8.43908905601263,4.33383417004138,0.0511031916787341,"None"
"PAIP2",-0.126934097589929,8.31584598218054,1.10009775572292,0.456974795800664,"None"
"TMPO",-0.748867031885087,7.7726115127581,9.43490403950469,0.00483128455089928,"Down"
"PPP3CC",-0.535390226665,7.74724782091013,3.60700185983756,0.0683179576542804,"None"
"ZNF706",-0.639993691738413,7.66762694576187,5.12800902642179,0.0318202848171335,"None"
"KHDRBS1",-0.0505282264370427,8.55741331483331,0.149705026264168,0.9365366185391,"None"
"POLR3GL",-0.165275959236462,7.59110342795358,1.26879801119459,0.408482442391429,"None"
"PDS5A",-0.695489392913805,7.45144231485201,5.92067216836793,0.0218965952610785,"None"
"CXCR4",0.842381795501198,9.55197018067021,3.59003557908928,0.071950605331643,"None"
"GTF3A",0.251865293967023,8.95989039044744,6.67186586829208,0.0355801883279187,"None"
"LY9",0.0149720666034021,7.68321362744287,0.00602883775569418,0.938685058692913,"None"
"RBBP6",-0.227609384302545,7.43867014912765,1.12789888370603,0.297999423299689,"None"
"ANXA11",-0.282404493851527,8.52419879114249,2.93684595243083,0.146201426081719,"None"
"SEPTIN7",0.00596615794902069,9.3980774781471,0.00197847928073105,0.964850499512592,"None"
"CBX3",-1.07245331172444,8.14959212266192,15.2629788490333,0.000569441782626211,"Down"
"HNRNPA2B1",-0.223946315466269,10.3125445395934,6.86401113794301,0.0142847976796754,"None"
"SRGN",0.407543369079706,9.71621004314901,3.69068724894741,0.0666435165301604,"None"
"PKN1",-0.347156263506671,7.78375238485089,3.45768099322188,0.0868601692373106,"None"
"ARHGAP9",-0.6231784509003,7.77156399209982,8.24468496623198,0.00787582975938493,"None"
"PFDN5",-0.0543201373900426,10.9311517508788,0.253815143756881,0.61850559803253,"None"
"TUBA1B",-0.480858202347966,8.83348833207991,0.994297249777001,0.329925582399581,"None"
"SNRPC",-0.347053257356915,7.33163825286848,3.26729310287047,0.173229013757929,"None"
"H1-3",-1.87428953892157,8.38018273927946,10.3132125565322,0.0040728050673765,"Down"
"SSR1",0.303781397381443,7.5211392285902,3.6384124073155,0.103378099636992,"None"
"DEK",0.12581433753636,8.42091761641792,0.56447111020748,0.458991975175688,"None"
"LRRFIP1",-0.362931611514424,8.75947103585499,6.40436577922321,0.0175504323432645,"None"
"AHNAK",0.217812917319412,9.47266561403561,0.811123613449148,0.376923543713628,"None"
"MT2A",-0.24513201648949,8.96258450865304,0.944837806007871,0.340582815306323,"None"
"TM9SF2",-0.522433904848283,7.55540999556314,5.22586446013683,0.0303609181163591,"None"
"IRF1",0.0111952949672668,8.63573933623828,0.00100493230883977,0.97499148094308,"None"
"SEPTIN6",-0.527874309925816,8.8374731802163,7.15382141927643,0.0125716881266666,"None"
"NDUFA1",-0.0334966043893658,9.03824473100597,0.11426506727946,0.864061884867654,"None"
"PTGER2",0.30081664976802,7.71564169643037,1.2353154257937,0.276442760117808,"None"
"SLC2A4RG",-0.389235405145674,7.50840914589033,2.84646899646436,0.129544559498184,"None"
"PPDPF",-0.358383352505058,10.0226112993586,6.57768513893504,0.01623163368623,"None"
"ALKBH7",-0.4453271988172,7.88819719041235,1.81281435724554,0.189995250983081,"None"
"SNRPD2",0.0335231393804363,9.9493154031765,0.0880583716848802,0.76894106969381,"None"
"VASP",-0.149492370833439,7.47651954472409,0.700399779233919,0.454545950394364,"None"
"PSMF1",-0.103741811724053,7.4815083771369,0.590180246591133,0.642874652219021,"None"
"SNRPB",-0.187254444786795,8.06108766501616,1.26361178674491,0.344985333276999,"None"
"DSTN",-0.15949758366571,7.82858481697532,0.361191608605199,0.552879723150958,"None"
"SNRPB2",0.0562856092448544,7.3623259905486,0.133281726218711,0.791305271596457,"None"
"HNRNPR",-0.191299460962033,7.87902299148136,1.08440236040608,0.35484761593364,"None"
"MAX",0.0669902220731259,7.84999929193987,0.139584844803157,0.711624595768171,"None"
"RALY",-0.431404749157693,8.11855568653476,4.91709733705887,0.0352375986914608,"None"
"EIF2S2",-0.0909080566191552,7.91531706856317,0.238633843134408,0.629156176775349,"None"
"ROMO1",0.0354669507422906,8.01246796585607,0.0494215948091971,0.825753267021485,"None"
"CAPNS1",-0.0662685000399368,8.07629558991874,0.0949751018086724,0.760320652071718,"None"
"UBA2",-0.348168308116693,7.38630829190349,2.26345589717704,0.144118370283037,"None"
"HCST",0.294425105017234,10.5377402643896,3.99709796459532,0.0557810318221005,"None"
"COX6B1",-0.469498097041124,9.23500040234742,15.0944595107008,0.000602757976826791,"Down"
"PRDX5",0.0607772133340893,7.69512317266279,0.0640375108347452,0.80214995933032,"None"
"DNAJC8",0.0782865329154698,7.9162091766928,0.123844958232553,0.727645089334367,"None"
"UXT",-0.0796943628958324,8.90998806583373,0.350398633999662,0.845447290349926,"None"
"KTN1",-0.18711434477949,8.11262681279283,1.86286580526682,0.295692333631193,"None"
"MAP2K2",-0.462799061589696,7.96963110424857,6.67263710700206,0.0202771568019274,"None"
"CANX",0.138964088041387,8.13085660658145,0.792465465730591,0.39391697916568,"None"
"FGD3",-0.125151477775896,7.54727919978907,0.372458439530158,0.627539797977108,"None"
"BCL11B",-0.40107811241317,8.66580842243094,5.03655300890075,0.033254767002292,"None"
"COX7C",-0.234249867536473,10.5331679532977,3.8720868125087,0.0594917473847194,"None"
"RAP1B",-0.384618605173136,9.22235376964689,6.85575645777597,0.0143371979643835,"None"
"HP1BP3",-0.266301221275596,8.5557289420986,5.13781076681624,0.0642935972803,"None"
"KLF2",-0.110551880269611,11.1233507052358,0.41714979307446,0.523963813028307,"None"
"UQCR11",-0.0728309232208189,9.44848366277204,0.619724411664175,0.438036072739946,"None"
"MACF1",0.0394313641238227,7.95154348266706,0.0365411062194038,0.84983889152419,"None"
"TUBA4A",-0.209849394729587,7.82264969964587,0.521272144758528,0.476676291451793,"None"
"ZFP36",0.730149840217493,10.0676031276014,3.79613604338301,0.0647126763090313,"None"
"RAC2",-0.464563781276414,10.3612560416078,20.6042919896362,0.000105990046483972,"Down"
"ATP6V1F",-0.239393654586334,7.76995000215707,1.67534866056676,0.228132308892731,"None"
"ORMDL1",-0.0117520058450195,7.70539473653534,0.00363084534145958,0.952397113956773,"None"
"DUT",-0.317094705654931,7.95037339486082,2.03335257046855,0.165391568907368,"None"
"VPS13C",0.401356422111805,8.07270031392073,5.17509491375977,0.0311085934489624,"None"
"PSMA1",-0.164756364401149,8.27129312184162,0.771285151232141,0.387602506504363,"None"
"SPCS3",0.552526990141721,7.61338788576357,10.6166629115745,0.00303331279522848,"Up"
"ILF3",-0.638896436117578,7.83341298432132,7.33689489165197,0.0116061642210105,"None"
"SLC44A2",-0.161414600795324,7.38937835561687,0.505863568146971,0.530045092475324,"None"
"SNX6",0.439667055928857,7.93675481301434,8.65070263814605,0.00665056878438268,"None"
"EAPP",-0.343406356014378,7.3253734984486,2.32805742605709,0.181684409889925,"None"
"NEDD8",-0.378145866404098,8.34068322156305,9.37468269836932,0.0331280102838954,"None"
"DAD1",-0.00256711933562397,8.34276460832823,0.000512701870839243,0.982102355525962,"None"
"REEP5",0.528110827955269,7.62532570821293,4.76055955301445,0.0380375406005841,"None"
"ABHD17A",0.137353333689062,9.07567568481952,0.472558311055536,0.497866080480441,"None"
"SAT1",-0.242685694520321,7.62765731475775,0.835674326242863,0.368764291590089,"None"
"BST2",0.0240543707199878,7.88089855487471,0.0237665550725255,0.878632010757431,"None"
"LSM7",-0.0362769255292805,8.36347302222068,0.0569669528282137,0.896870324412661,"None"
"ACTN4",0.504478366831099,8.05012279044242,2.04203560628582,0.166565901459741,"None"
"ARPC1B",-0.227158706049484,9.83360129798749,2.79121944309756,0.106386700445682,"None"
"SSBP4",-0.249134046880453,8.03679349306768,1.05690014692706,0.313085711630532,"None"
"JUND",-0.0877972670578332,10.3388592629504,0.128686329002751,0.723046606287364,"None"
"LSP1",-0.433200026707883,9.79710372201152,8.38439715315747,0.00742848638003284,"None"
"EIF2S3",0.0102871868702288,8.46836795177582,0.0015801731312621,0.968600326582707,"None"
"GMFG",-0.166111619382894,9.47573297141907,3.38085941130728,0.254319639007145,"None"
"EIF3G",0.268029883702008,9.09172986917261,2.81266017791421,0.105115869788371,"None"
"SYNE1",-0.0654933739843991,8.19303921199193,0.039229607776307,0.844697449748746,"None"
"RBM39",0.00215570608355455,8.9508894944042,0.000275033021236726,0.986890875519382,"None"
"ZNF428",-0.149296339231124,7.40777713531247,0.725374425012572,0.591074225397982,"None"
"COX4I1",-0.179343230194873,10.7855874772224,2.63615833196155,0.11612641788458,"None"
"SH3BGRL",-0.214553066291482,8.18301477334766,2.23040378232804,0.276278491725644,"None"
"COX7B",-0.105828966580677,8.32298151057804,0.559761500558509,0.626163328180317,"None"
"CAP1",-0.228906982228378,9.04730346391393,2.37163712427763,0.135247827861716,"None"
"NDUFA2",-0.0670539944988992,7.59345258001099,0.15982610649511,0.721685477893839,"None"
"ANKHD1",-0.0662254316563513,7.42912567096872,0.107089116130779,0.817559398294342,"None"
"NDFIP1",-0.876824784416935,8.9051299008905,7.00965906411667,0.014366238882611,"None"
"UBE2D2",-0.567239029688387,8.87678269494825,12.7081454925249,0.00138845883442324,"Down"
"DNAJB1",0.0961695836747511,8.9174227397487,0.0970239672320137,0.758293466269808,"None"
"TRIM22",0.229121168875919,7.75649126119092,1.15883643235902,0.291273938626971,"None"
"RAN",-0.0416131083387873,8.96117021858068,0.0911860095444135,0.813274945129627,"None"
"PNISR",-0.331047938114384,8.84400963842134,4.44256960253477,0.0445208365298208,"None"
"SEC61G",0.343450878626394,8.4550722708023,5.3609419563468,0.02846672665394,"None"
"H3-3B",0.141508600747885,10.9448962348261,1.46508605835795,0.236658647542888,"None"
"ZRANB2",-0.636235234197941,7.89514457898411,5.1008157625117,0.0322395112170679,"None"
"EIF5A",-0.141755131521886,8.69888569076347,0.544238431749728,0.467073132183268,"None"
"GPS2",-0.00463207270372021,7.96064707410363,0.000627170032450371,0.980205365725685,"None"
"FLOT2",-0.594753755979756,7.34118660948163,8.28332610704229,0.0179848409978155,"None"
"PTPRA",-0.958464634358614,7.57715731587837,10.2218925236116,0.00353631960952657,"Down"
"RBM38",-0.209933910737218,7.70073403710506,0.448221025279335,0.509120489008523,"None"
"POMP",-0.333845971224485,7.66369304504277,1.63874484616414,0.211435188166729,"None"
"ALOX5AP",1.19435591258155,7.93589576988353,23.0946268930244,5.85146504113951e-05,"Up"
"TPT1",0.196371218326152,13.5235241770429,2.24520680965383,0.145681680878369,"None"
"SRRM1",-0.0267997746259768,8.82724440512984,0.0452593232801443,0.950831490152741,"None"
"MED10",0.183987530462323,7.65694268315857,1.1649453195174,0.302822074300949,"None"
"GIMAP4",0.080129623343897,9.19229058378412,0.084616219671624,0.773735599185828,"None"
"BTG1",0.065701082063986,11.0493953946712,0.144133558051627,0.707272242847493,"None"
"MBD2",0.378050709312386,7.52718165076418,4.1630996779349,0.0512489939231408,"None"
"PRPF38B",0.218463183864755,7.63410286830879,1.32165670134212,0.260421009219349,"None"
"YWHAQ",0.475720796624268,8.62148597986422,6.29854799820083,0.0184131971027299,"None"
"LDHA",-0.0112282610586709,8.64261057968965,0.00288082994344854,0.957592321585658,"None"
"RBM17",-0.388054969154305,7.49136690787702,3.33031273184431,0.115926079079246,"None"
"CCNH",0.224482641352615,8.22734603865641,1.12397525076263,0.2984975875589,"None"
"TMEM258",0.110107008058131,8.7264989105356,0.672941855996777,0.41924308031385,"None"
"UBAC2",0.159632562278847,7.66438573653188,0.633739466047854,0.432961483571082,"None"
"ARGLU1",-0.0551203213496279,8.84011266468987,0.121273440111104,0.730370013103974,"None"
"ETS1",-0.0644350906871645,10.1296945161575,0.203303046247543,0.65568407382796,"None"
"OSTF1",0.462104082634583,7.77674655586774,4.89495419275883,0.0356193836020888,"None"
"ANXA1",0.133918492625585,9.74361165348843,0.328944846519531,0.571749444973266,"None"
"TAOK3",-0.304379430408196,7.75007620937412,1.26630203181919,0.270409120061238,"None"
"TES",-0.272796726782605,7.69579426530869,1.62322449513007,0.226244947715139,"None"
"CD63",0.266933306032327,7.86822215925268,0.531090664798129,0.473437137900411,"None"
"BLOC1S1",-0.889069118141387,7.92127105007362,12.9655341811955,0.00126544441824758,"Down"
"HNRNPA1",0.0615057762645661,10.6895475343296,0.293673516454139,0.592340222771176,"None"
"CD164",0.135591776731989,7.94881921292217,0.754783009906783,0.532242367691551,"None"
"CCT7",-0.0451461834386971,7.87029870306444,0.0511645285346497,0.916454283295862,"None"
"USP15",-0.260687696699988,8.14608632030856,2.81257705062642,0.107221751755034,"None"
"SP110",-0.511007050990374,7.87544705737148,7.50603791287705,0.0111155007206948,"None"
"DOCK10",-0.987063464560338,8.36399143187772,14.1558018597305,0.000831354998239014,"Down"
"COX5B",0.0764292452999041,8.99488045813332,0.66664523811009,0.421400849503229,"None"
"GCC2",-0.378396046983104,8.19147126156248,3.41643036531195,0.0755803510747412,"None"
"ISCU",-0.196661957732526,8.26038453315452,1.98463772725642,0.35963282152095,"None"
"ITM2B",-0.0224238504406639,10.4873075265769,0.0669633536939011,0.936922688596726,"None"
"LCP1",0.22978268371751,9.73985410451819,3.49968427236121,0.0723050793149038,"None"
"RAC1",-0.475779336898627,8.01115765576214,4.77577411163084,0.0377548308727292,"None"
"MYO1G",-0.347307700265089,7.99854761668631,1.51074870392357,0.229919073197793,"None"
"LIMD2",-0.615687845689373,9.89860235004362,16.7729464196692,0.000345972364265872,"Down"
"TRA2B",0.00106790323293202,8.27772919413443,5.08457776189504e-05,0.99436329190394,"None"
"BIN1",-0.408426594975416,8.3078756496804,6.45487656675393,0.0171543405889057,"None"
"GYPC",-0.442210902119815,9.09846514148997,7.07720072507553,0.0130015865843271,"None"
"C9orf78",-0.204502384728794,8.59429012973388,1.44089682092279,0.24046632562587,"None"
"ATP6V1G1",-0.378268381917281,8.97472153535788,8.21908961798566,0.00796092289581065,"None"
"ANP32B",-0.278975729713206,9.02759336076942,2.64291804405405,0.115680809750513,"None"
"ARPC5L",0.189575007850611,7.84737903867112,0.482130712621464,0.493572595588846,"None"
"TLN1",-0.0905953565182558,8.32628926398364,0.217767620316824,0.644506274227519,"None"
"CNPY3",0.000835320480101392,7.57172306460543,1.5108046874168e-05,0.996927407664512,"None"
"PIM1",-0.0282433886692316,8.18271086700528,0.0106816242987045,0.91849062668922,"None"
"TMEM14B",-0.191285663573145,7.67122887581162,0.705649627020004,0.408301493150721,"None"
"SLTM",-0.160416147263569,7.72762605868762,0.889250786290541,0.354079250421554,"None"
"ACTR2",0.0418068278684665,8.6708915354964,0.0925937140222301,0.798172364565845,"None"
"ATRAID",0.078671312871742,7.52568463600416,0.215591590298695,0.696984500598164,"None"
"STAT4",0.14630285561543,8.13309836924407,1.14798918114569,0.505464351316718,"None"
"SSB",0.182024587309177,7.76824583272097,1.63271929888696,0.367371205259173,"None"
"PPIG",-0.134099029767249,7.65531922249585,0.474007143575236,0.497048817352216,"None"
"COX17",-0.0870018676660868,7.38359020966006,0.169195465781602,0.717045286793136,"None"
"TMOD3",-0.0892685444618606,7.51966152951262,0.182376834586664,0.672739793739996,"None"
"HNRNPD",0.00381833980171615,8.42820619437844,0.000592485719817407,0.980760384868419,"None"
"G3BP2",0.319509330757161,7.79990554851531,3.61841411755676,0.0679088107801383,"None"
"KLRG1",1.24264486918399,8.47518824013085,14.9615675790662,0.000816047962985576,"Up"
"SCAF11",-0.0259224975964347,8.19478296174197,0.0276668240344422,0.869139346019958,"None"
"SNRPF",0.0422679827076146,7.83668195673493,0.0397856667373579,0.843401411688432,"None"
"ITGB7",-0.171201845523203,8.00173245694407,0.535707213603579,0.470550829568792,"None"
"TMBIM6",-0.0711998732497817,9.11915216410696,0.358865830032933,0.554152414402538,"None"
"RHOF",-0.0514244171645905,7.67997230140823,0.0890311314762321,0.806632839236817,"None"
"SERF2",-0.127037927532726,10.7941392147499,2.11341109967297,0.157590185965932,"None"
"SRP14",-0.154753314793263,9.91414375713858,2.30552011404682,0.140589923395838,"None"
"ANP32A",-0.247560380601821,7.83944351157705,1.72450050714571,0.230926814603451,"None"
"USP3",-0.40466455289809,7.60771970214195,3.72574196620084,0.0641935643191251,"None"
"SCAMP2",-0.122333207805797,7.51783217265239,0.461109837497381,0.616109990264433,"None"
"IQGAP1",0.144346988533894,8.40872026251048,0.489841700001898,0.490011146494373,"None"
"SEC11A",-0.141994176634932,7.57760527445582,0.558464729924842,0.498263250102908,"None"
"MAP1LC3B",-0.0675552197627895,7.89656914181039,0.0979922002557077,0.756668430850339,"None"
"NDUFB10",-0.295000100178115,8.05420519427979,2.71163820854683,0.11126169544181,"None"
"TCF25",0.0402560115765605,8.28433321912718,0.0429056062822894,0.837464263307186,"None"
"NCOR1",-0.163262734614288,8.12162284139221,0.94670240444611,0.339234921878161,"None"
"SKAP1",-0.272778732038159,9.00251857677813,3.80721462453496,0.0615263270585374,"None"
"SSH2",-0.343739119867208,7.68282400174368,2.84576334853081,0.103188078627461,"None"
"ARRB2",-0.399924578466598,8.2531798329381,9.07288711075252,0.0179966341218986,"None"
"PIK3R5",-0.263090921152744,7.6713376923343,1.59178184430196,0.217910382858512,"None"
"ARHGDIA",-0.147003741630019,8.56147061463861,0.819050704867268,0.400783475907879,"None"
"TMC6",-0.0842098152963136,7.91353590468476,0.323109961518059,0.717719482283124,"None"
"ANAPC11",-0.765857752125963,7.58662506236718,13.9916715001472,0.000880196734061801,"Down"
"TXNL4A",-0.120369935288137,8.00430807197344,0.565010058952353,0.587923750776636,"None"
"BRD4",0.222315993421262,8.17348088792415,1.91054503710877,0.178281163475289,"None"
"SOD1",-0.31988562090488,8.86350604749359,6.0505770670198,0.0270264759333214,"None"
"EMP3",-0.112566166677817,9.9663025316458,0.473468783418855,0.497291147385168,"None"
"RNPEPL1",0.131828287705766,7.85296571093925,0.467912597764322,0.499804129925759,"None"
"PSMB6",0.0518449525769256,7.53523598161362,0.089509946950536,0.838492506958041,"None"
"NOSIP",-0.0752495845910969,9.52131736455681,0.0584612756144827,0.811166333661936,"None"
"EFHD2",-0.112365977772572,8.8539780600757,0.0511305531073048,0.823270551229045,"None"
"SH3BGRL3",-0.0551892455782281,11.4601667637581,0.168269421471732,0.684905581387327,"None"
"SYTL1",0.340721851702869,7.94352265474642,2.91881826432176,0.0990762568330986,"None"
"SERBP1",-0.0360894871333196,8.58910554285593,0.0556627775561907,0.815275677897881,"None"
"PRKACB",-0.739195119649567,7.89802746423774,8.84060612503464,0.00615016974806579,"None"
"PSMA5",-0.330107458228166,7.65906858928282,1.73068101346451,0.199434812292577,"None"
"CD53",0.217766206865693,9.08917312072568,3.03665338489866,0.0928349746836083,"None"
"UFC1",0.161106356244152,8.28594400844674,1.30958552505227,0.262557842051022,"None"
"MCL1",0.139772088202001,8.22477307888099,1.06654341560354,0.346286046948307,"None"
"ANP32E",0.0470121878126472,7.60513163969383,0.0251479378872241,0.875221038262976,"None"
"ENSA",0.0221494059730088,7.89776097065765,0.0210601365026537,0.903011633182652,"None"
"JTB",0.333597757764971,8.36697975862604,10.8442778299553,0.0198129286226093,"None"
"TPM3",-0.166091183060726,9.84187718584636,2.0447944407414,0.164248722587908,"None"
"ACP1",-0.473560085060791,7.60168701146092,8.39482063346322,0.0295555440064526,"None"
"SRP9",-0.0339275837386576,8.32060935852407,0.0522364610481446,0.897539510276147,"None"
"ARF1",0.550408565839287,8.7208561885042,21.8958199856206,7.28153844991535e-05,"Up"
"GUK1",-0.118084272151604,8.97086300861764,0.794934991989565,0.380523791403797,"None"
"PARP1",0.317304036934195,7.43150642162074,3.44914248043745,0.133240385743449,"None"
"LBR",0.262907340363961,7.49244619289052,1.44232951882888,0.240238647389539,"None"
"EML4",0.656949774712515,8.30929652782452,17.2522138806269,0.000296552810229897,"Up"
"CALM2",-0.0562450722331294,9.16793590093745,0.253209860418393,0.618922468519421,"None"
"SNRPG",-0.366015260167125,8.01564664685858,2.36262515585433,0.135961706391954,"None"
"UBXN4",0.193572394944576,8.19062593226848,2.02446573033976,0.274138523529304,"None"
"SLC4A10",4.30649021240514,6.09727463008731,88.4979534582579,5.40497294541924e-10,"Up"
"HSPD1",-0.738117092585409,7.9765592777519,6.59920171264458,0.0160756503863946,"None"
"CTDSP1",0.00546583580397306,7.59407879252081,0.00054007409588762,0.981630892972143,"None"
"GOLGA4",-0.516057607079313,7.39026283162944,4.97587604510038,0.0354499157235625,"None"
"ARL6IP5",-0.666801190697942,9.17355190450143,21.9285162451984,7.21367282947561e-05,"Down"
"LYAR",0.68347993254602,8.64413599032435,4.86356963064699,0.0379496359796347,"None"
"OCIAD2",-0.640961979755223,7.64145160160905,6.16386187978956,0.019579442495311,"None"
"PYURF",-0.0925524108034925,7.91681468206905,0.437038832797338,0.676994608630928,"None"
"GZMA",0.622101730259685,9.87296755905242,2.97439835337692,0.0991237460408541,"None"
"PIK3R1",-0.00828393548079237,8.36661425395607,0.00123055598056217,0.972281427857974,"None"
"IQGAP2",-0.00088240061460859,8.17857151858053,1.86430899008951e-05,0.9965868178745,"None"
"TNFAIP8",0.3490758407149,8.3064424200505,3.51110066760061,0.07186863484237,"None"
"DDX46",-0.287193329212103,7.79402355054524,2.29483434771161,0.151566090237301,"None"
"HIGD2A",-0.271485297776526,9.02127940082177,4.41618331858282,0.0598961883008119,"None"
"PPP1R18",-0.164713878834282,8.3136125007435,0.446582818967607,0.509790581976708,"None"
"PNRC1",-0.0538198774833242,10.7875714949519,0.24738300131761,0.622968000355593,"None"
"SCML4",-0.800104483001026,7.76987556124597,9.69899095675555,0.00434691985156229,"Down"
"ABRACL",-0.131077674394718,8.34633489067985,0.408319659360624,0.52823152864676,"None"
"WTAP",0.169621035007286,7.84558891969138,1.41805632486885,0.43756696718977,"None"
"MDH2",-0.291047713203576,7.98068029204741,2.11078535833169,0.158770355872539,"None"
"CCT6A",0.0227082711124209,7.85601858292481,0.0210845937721022,0.885632064199704,"None"
"LUC7L2",-0.247276206828139,7.40156503703005,1.33831597357666,0.269760851624305,"None"
"SH3KBP1",-0.212872268660984,8.44309290176274,1.7603376228254,0.233621128471707,"None"
"MSN",-0.237279001199652,9.14656954460461,2.20467135047727,0.149226665469282,"None"
"NDUFB11",0.036293792486335,8.80384385658955,0.0603538040514555,0.8078036861353,"None"
"NONO",-0.0764068578364277,7.92361153458622,0.179317515636823,0.676402196738926,"None"
"IL2RG",0.0241142678841318,10.2984877973171,0.0348804534841725,0.853248806372812,"None"
"RBMX",0.0811554416956663,8.10081442617343,0.211506458671845,0.649287488621665,"None"
"MTDH",-0.141909888899429,8.11610339528902,1.18520985776423,0.400808844968781,"None"
"NDUFB9",-0.0228405258186731,8.70444961610357,0.0470763906391343,0.857617436591015,"None"
"ADD3",-0.421891702719825,8.39712257398118,5.94871418545387,0.0216146042906783,"None"
"RGS10",-1.21028592218661,8.72410370786534,11.6176005271586,0.00238216860380671,"Down"
"DGKZ",-0.113857519000983,8.04115160479086,0.439368991856038,0.513071360073247,"None"
"EIF3M",0.388965115405462,8.19989413081028,5.3484938639707,0.0286356986719665,"None"
"ATM",-0.3559451674476,8.68088236128745,3.33578841572983,0.0789144953951771,"None"
"FERMT3",0.233012672054483,7.58552673445712,1.20099478925945,0.282844673896934,"None"
"PPP4C",-0.115951589544313,7.68666064500176,0.265215577627786,0.610768569947081,"None"
"ALDOA",-0.0672471579440071,9.00736165093261,0.385363879477595,0.723516784356243,"None"
"ITGB1",-1.61098724566351,8.52053769102642,8.55389073189055,0.00795199423501222,"None"
"SAP18",-0.246796806687239,8.55015566642996,2.65276235246806,0.210186940633304,"None"
"PDCD4",0.586172887637095,8.75838866669654,43.5246754304203,1.73756264774136e-06,"Up"
"PIP4K2A",0.191415193427262,8.46743393522983,0.973607707410648,0.332580943358272,"None"
"UBC",0.0798099938250845,11.0185013981094,0.4435969627304,0.511067242682103,"None"
"NDUFC2",-0.312736102279014,8.0213318978317,3.03336110674357,0.104369705286431,"None"
"FLI1",0.619516112160348,7.83620626592987,13.3531923304356,0.00110187458985872,"Up"
"PARP8",0.867584598098228,9.07177919703236,18.7218360078203,0.000204911455261111,"Up"
"TIAL1",-0.398117651157495,7.39380162314273,4.11029501334566,0.100931642063073,"None"
"RABGAP1L",-0.441473708476795,8.28300323896393,2.85696380627497,0.102810737490815,"None"
"MZT2B",0.128954820908908,9.2949458800071,1.28025167263697,0.267845888017473,"None"
"PDE3B",-0.822078494284637,8.62507542116416,4.66055817611605,0.0417251690371721,"None"
"TGOLN2",-0.0998230530696634,7.98206648850386,0.366097171725332,0.644521863304251,"None"
"CAMK4",-0.341459516440167,8.50345522123349,0.892832060321755,0.35469898526193,"None"
"ZFP36L2",0.547596682786574,11.1184196743626,4.49294362506077,0.045323542621943,"None"
"TMEM123",-0.553285839228484,8.69877399176037,3.6980030792463,0.066349068473185,"None"
"MBNL1",-0.283373782445804,9.93187717786022,8.77142085677686,0.00678228524806261,"None"
"HNRNPDL",-0.146395490898698,9.7667106715488,1.9485525714577,0.181891936491688,"None"
"UTRN",0.22625647950728,8.27191558195227,1.40423950759283,0.246386186856507,"None"
"SRP19",0.0479649818730326,7.29959784468112,0.0839491799047848,0.794578300495964,"None"
"CAST",0.148529092880809,8.63989016942212,0.564812826454506,0.458857452189251,"None"
"HNRNPU",-0.244131960944467,9.29943342475475,6.11563441973481,0.0794726601595936,"None"
"RBMS1",0.565218368602578,7.96815557086711,14.2751824302198,0.000797672442087232,"Up"
"CD96",-0.268475464264598,8.81491279889094,3.61669012201485,0.0987248043240178,"None"
"CYRIB",-0.0504890274042789,8.2342861903226,0.0557847046324255,0.815077335936757,"None"
"CD8A",-1.20453194527534,10.0286054550814,33.6393658757703,4.26358823357804e-06,"Down"
"PITPNC1",-0.0459224217584703,8.27914952398608,0.0613793340286246,0.806211691174967,"None"
"GBP5",1.44951381169159,7.85352044536506,14.6990554647451,0.000902894908012197,"Up"
"BUB3",-0.0532259065598261,7.99421939447387,0.0968121119551275,0.758089471438472,"None"
"PLCL2",-0.0861862861161121,7.58148018936591,0.205719084261145,0.692563391030939,"None"
"DBI",-0.239483734200765,8.26156448401334,1.64252642587236,0.210924255006968,"None"
"RASA2",-0.95731825952136,8.07294232161712,18.1632003706896,0.000222362948842479,"Down"
"TMBIM4",-0.118101955376032,7.76852701680848,0.476616517020957,0.523635989511039,"None"
"CCT8",0.154967787196332,7.60402400925009,0.385493692212494,0.539907060324452,"None"
"UQCRB",-0.312641780918417,10.0595188279237,5.71477228735777,0.0240956811083175,"None"
"UBE2L6",0.0300013607594957,7.59494794938213,0.0167018560200119,0.898133339424189,"None"
"EIF4A2",-0.0290551001420397,8.51141194535574,0.0279013417174155,0.868591200311809,"None"
"TSC22D3",0.262145742187618,10.3535626804277,0.524122071469482,0.476991798872826,"None"
"TNFRSF14",0.0739761000545355,7.78050408489504,0.172276815304498,0.694035885338216,"None"
"DUSP2",1.18296550796445,9.52541554699575,12.0892429486467,0.00222449475534158,"Up"
"WASF2",-0.211129484698981,7.71082886179245,1.36331471252077,0.2710747096487,"None"
"EIF5B",-0.49928354187273,7.56086337476859,4.37190861303653,0.0461234315022972,"None"
"TAGLN2",-0.256390692848158,9.93983886957028,2.84406381219681,0.103286052528102,"None"
"CDC42SE2",-0.196246342305905,8.69358288680821,2.3721735824279,0.307281069668538,"None"
"EPB41",-0.618427119322285,8.30155324612777,11.0835688273922,0.00253634900688896,"Down"
"FBXW5",0.0276841332552461,7.67462765257936,0.0119976367621349,0.913592803815421,"None"
"SON",-0.063168130282157,9.83464174804006,0.50995760257494,0.481312623521942,"None"
"PSMD4",-0.0563893737001094,7.62757628268893,0.0961791905125472,0.758855551443905,"None"
"CTBP1",-0.0698317417126858,7.94876126932888,0.128377017938197,0.722919311969791,"None"
"ZYX",-0.346270061024411,8.45738519732046,4.0603552069443,0.0540030063970026,"None"
"CALM3",-0.574539583993901,8.3309554918719,10.9034722228556,0.00271671508577259,"Down"
"SSU72",-0.281638340255745,8.15020884581433,3.80589883274343,0.147436860885378,"None"
"CSTB",-0.811294967943809,8.29541387968747,16.182271619859,0.000419449435122288,"Down"
"ITGB2",-0.415474791894368,9.92128431604745,3.73080468684026,0.0650381959671509,"None"
"PRMT2",-0.825247847091844,8.74877840284593,7.81374726318278,0.00995515724942395,"None"
"SIK3",0.227401500228377,7.41288081516605,1.33859110226443,0.264953171742217,"None"
"CD3G",-0.444689925814329,9.53405785014703,14.7114209343595,0.000686582101910392,"Down"
"ADAR",0.0420999437282049,7.78524465626206,0.0706605392125585,0.792405655162318,"None"
"IER2",0.449656439297462,9.22766732993241,2.4446381434989,0.131921869732525,"None"
"LY6E",-0.196975296099575,9.21878615937983,2.2928572183515,0.141641262159061,"None"
"VPS28",-0.0618364810574124,8.11243046459956,0.281405458476384,0.729437557658367,"None"
"SQSTM1",0.281802749545772,8.02935422252106,1.9006868565061,0.179367562542941,"None"
"AP2M1",-0.361897561784836,7.84347612025263,4.17682412045149,0.0698370198969937,"None"
"IKZF3",-0.00507142999090277,7.83701167659583,0.000459067199195373,0.983064205175312,"None"
"SRSF2",-0.0459360733820832,8.09773536784883,0.040489859329023,0.842040726102896,"None"
"EIF4A1",0.590975831790952,9.14545799878071,21.9781830534005,7.1118828097783e-05,"Up"
"SPSB3",0.468979703377004,7.54469205190849,6.47630504543341,0.0169892785174885,"None"
"UBXN1",0.0590886812974241,8.59884564265488,0.23310144511943,0.67766546666555,"None"
"CMPK1",-0.0109942476246903,7.94733228513327,0.00681735834621513,0.978021201600523,"None"
"MAGOH",0.0383950531226067,7.41349479505002,0.0537925693330027,0.83912984535663,"None"
"JAK1",0.101764432616589,9.35513305466237,0.957684303899506,0.7240847168727,"None"
"LAPTM5",0.19248388584837,10.1594382464154,3.577932501014,0.0693728021265983,"None"
"RBBP4",-0.234230203331468,7.92130387914687,1.80449026063279,0.260050681368296,"None"
"ARPC5",-0.76745553697284,8.67493361432954,24.8809976772349,3.18071752311989e-05,"Down"
"DENND2D",-0.00178433122136778,8.07699015541982,4.01643974418662e-05,0.994992635111148,"None"
"CAPN2",0.58030513221013,7.91864990937536,4.46117780929148,0.0446122787319269,"None"
"H3-3A",-0.132811498858183,10.1921472917908,1.6770960606001,0.206323693179991,"None"
"RNF149",0.336874790589794,7.54299951933599,2.59728672493861,0.118728000329046,"None"
"S100A11",0.314105695998727,8.64960873584789,1.3420614898686,0.258287970705871,"None"
"CGGBP1",-0.015469605983202,7.69282155230119,0.00429034115902942,0.948260069355932,"None"
"PBXIP1",0.534735565678886,8.04657148065135,9.2502759398578,0.00520464561533216,"Up"
"ATP1A1",-0.633841361198627,7.79949227116687,6.31366354617551,0.0182871516567869,"None"
"KRTCAP2",0.226939153150372,8.93517434228089,4.66692978736778,0.0842462293431364,"None"
"ARPC2",-0.385946227963304,9.83363423001635,8.61091477257719,0.00676092993786728,"None"
"CCT3",0.0248299295610755,7.84396859619733,0.0110957426574919,0.916891043277003,"None"
"SSR2",0.183880441774236,9.57865642961693,2.73626738644873,0.109725818018458,"None"
"TGFBR2",-0.97074352201225,8.07980318500415,9.79349692683695,0.00427133162567314,"Down"
"CCNL1",0.282930472057342,8.15938109644276,1.79882618023107,0.191077529119986,"None"
"U2SURP",-0.866667029447047,7.84484192086474,18.737141408249,0.000186085045832316,"Down"
"MEAF6",-0.582003863995742,7.50903604753058,5.31871210840967,0.0290444802100137,"None"
"RPN1",-0.0185010956288028,7.74698607810528,0.00831927163980554,0.960168642138701,"None"
"TKT",0.056898051904261,7.47782157629333,0.0532380610754354,0.819268767136269,"None"
"H2AZ1",-0.765520752124383,8.49656368203286,8.83465457473353,0.00625264948462138,"None"
"SHISA5",0.338206706379208,8.11989041661179,4.09644225087582,0.0578937965160835,"None"
"C4orf3",-0.375259012011091,8.23575988987611,7.62110300609312,0.0380976825333476,"None"
"HMGB2",-0.957540485299897,8.15084353213819,5.16452474336337,0.032684456959268,"None"
"ANXA5",0.118855353910359,7.68536564709076,0.104507291318782,0.749344773951943,"None"
"NIPBL",-0.377314856672628,7.85276191400716,5.84264902230369,0.0536985219717499,"None"
"NSA2",-0.307859923834569,8.8476168774,2.19804015293524,0.149816289210764,"None"
"UQCRQ",-0.136351523446066,8.28526919405773,0.803368452784154,0.505092667362458,"None"
"SAMD3",-0.00732907061572201,8.27030270912068,0.000361029857462672,0.985008682160059,"None"
"STK17A",-0.567705841261429,8.99624256279394,11.7596750534292,0.00196658267398847,"Down"
"TAGAP",0.272644920264134,8.91121240807827,2.39960355811005,0.133060401087128,"None"
"RAD21",-0.0351238370804501,8.26074165862689,0.0448077796846593,0.862062300877616,"None"
"COX6C",-0.342608430417065,9.4705177266632,9.50931810916959,0.00543247267122847,"Down"
"YWHAZ",0.0295437629576422,10.0279554692566,0.0847067648402661,0.787403582374562,"None"
"PSIP1",-0.723392764711308,8.32115055192837,15.3935715016919,0.000544991942229211,"Down"
"HNRNPK",0.0851504354848161,9.43409318581721,0.421422888506919,0.542280437523414,"None"
"AQP3",1.48322657524998,7.45440689351288,17.757257398428,0.000345267719162718,"Up"
"VCP",0.266230303597849,8.07074713829935,2.33796654420016,0.137937832207746,"None"
"ARF6",0.264176765935159,8.29916187738506,2.61334792586341,0.131238705077542,"None"
"VDAC2",0.0134973986360433,7.85832940225262,0.00542488103909174,0.941831223570463,"None"
"GHITM",-0.087401927657244,8.01365569962486,0.265837846122027,0.626768097134699,"None"
"DDX21",0.196109116166945,7.88679266591653,0.727164110401026,0.401338386222057,"None"
"TC2N",0.660626199066971,8.35413409413573,16.3247671709234,0.000400299867937319,"Up"
"TAF1D",-0.232990011160164,7.67431988318811,1.14805272307513,0.299930126239138,"None"
"NDUFB8",-0.355943186957239,8.44686302442835,4.48093440790533,0.0436768295460531,"None"
"BRD7",-0.546337721431724,7.58871039931188,4.75215463118962,0.03819472597934,"None"
"CCT2",-0.251295394941425,7.59150522954109,1.09577337501531,0.30451739923754,"None"
"ARIH1",-0.080601438680926,7.449114084682,0.135338451289406,0.715840926718738,"None"
"ANAPC16",0.0968731885798427,8.9556129424492,0.354647546899425,0.556475161340179,"None"
"TAF10",-0.215443050457264,8.7002474198192,1.5244282028926,0.227635075556709,"None"
"PRKCB",-0.824814615053641,8.27039940336855,18.8767862909921,0.000178259754478413,"Down"
"HSP90B1",0.26099750320395,9.34214024383845,6.37461157381605,0.0177884504917497,"None"
"B2M",-0.120042785507375,14.5758298595958,1.2829767377228,0.267348851641955,"None"
"SLFN5",-0.142735524469905,8.01564209294796,0.231744921968118,0.63433050521405,"None"
"PPIB",0.308788599454736,9.64243126332973,6.13167709077672,0.0198700013094895,"None"
"TERF2IP",0.410258499218655,8.10958615823254,7.33745989236502,0.0124628304966933,"None"
"YWHAB",-0.143194458234735,9.67295192188279,1.82927178893027,0.187482433544794,"None"
"TSC22D4",-0.248977151437639,8.07125992044885,2.20513273862693,0.153984816358559,"None"
"MAPRE2",-0.299999935644621,7.67646665270228,1.1616229011347,0.290706624866765,"None"
"PDIA3",0.123078141778377,9.22161955170385,0.669596560608218,0.420387350483955,"None"
"CD3D",-0.236578670247583,10.2013143023355,6.44174467395944,0.0172563643077256,"None"
"GPX4",-0.20616586417468,8.62871451406622,2.03133600949516,0.226726045998372,"None"
"ANKRD11",-0.182301875830337,8.01862404111389,0.999271885574003,0.326400913810965,"None"
"TUBA1A",-0.412765658874123,8.43217498334037,1.13618582699477,0.297794940552539,"None"
"EEF2",0.131938422064273,11.3899744746816,0.936356528107652,0.341842866349826,"None"
"OTUB1",-0.305865766723514,7.68665574213584,1.98330487805447,0.170504178906983,"None"
"NDUFV1",-0.109484651960005,7.52780789626846,0.246839287301853,0.623348535625749,"None"
"PRDX2",0.0266416501246907,8.26481853552037,0.0261167524154364,0.872824079778856,"None"
"TMC8",0.31315340351949,7.82705872830919,3.03885587163546,0.1080653125829,"None"
"SRRM2",-0.11669010085039,9.09833645998278,0.862740851924705,0.36123908186365,"None"
"FTH1",-0.263919319253483,11.2477968336091,6.47843032965154,0.0169730028880158,"None"
"MAPK1IP1L",0.100244230613813,7.5704526318191,0.209091416990238,0.651154726905724,"None"
"TTC39C",0.656224183350002,7.65680936709534,9.67257703339378,0.00439290464390066,"Up"
"H1-4",-0.819086236528992,9.8402746171555,7.9087974877731,0.0100303854536645,"None"
"TAP1",0.0946289821954145,7.84324986242802,0.157779943898826,0.694345228590496,"None"
"RHOH",-0.725818099825267,8.48222465183093,9.25099699308571,0.00520312784494243,"Down"
"FNTA",0.0959637587155099,7.4332272480817,0.287738850695314,0.600541019373801,"None"
"STAT3",-0.464008152959745,7.65653016873748,4.34034452507211,0.0468600511511354,"None"
"NDUFS5",-0.0501805576816995,8.60569666411555,0.125526999057575,0.951702789174673,"None"
"IL7R",1.10711804106035,11.1939943328877,26.4732950412643,3.09152799788463e-05,"Up"
"UQCRFS1",-0.371183589500493,7.84320590182637,2.74511169202625,0.109180294324409,"None"
"SLC25A6",0.0582418991351386,10.1586841009074,0.434140789470857,0.515569003142246,"None"
"LMAN2",0.394548335433655,7.9126038830838,7.34396282626169,0.0116477628244263,"None"
"PRELID1",0.0632046625363286,8.17654075624838,0.0790140818038341,0.780790364743476,"None"
"CD52",-0.268040584309289,11.1347312208949,6.19171631283521,0.0193317468088256,"None"
"PCBP1",-0.142813000136838,10.0738453349903,2.08611433661294,0.276872111384096,"None"
"HINT1",-0.227439076370364,10.0902708461683,3.62496904635518,0.0676750603915359,"None"
"CNBP",0.0770629601484083,9.59400952493571,0.685526052216731,0.414981061293372,"None"
"HNRNPF",-0.153841206368487,8.67342165135929,0.675592305403608,0.418339873736281,"None"
"KLF13",0.133227508754246,8.25935355930449,0.446951962212408,0.509486773673194,"None"
"SF3B5",0.239251059411062,7.87716721708699,1.70671989142707,0.202479647591684,"None"
"TRAPPC1",0.0063365768008204,8.38418723236702,0.0017288295106069,0.96714146285413,"None"
"HNRNPA3",0.251201153838207,8.98614569358618,4.19590797892235,0.0504030297141417,"None"
"GABARAP",-0.287830107859324,9.17950124449427,7.8505044758207,0.0298769035166332,"None"
"UBB",-0.267548033126112,9.72228040164648,4.0557980293262,0.0541289494721649,"None"
"FOS",0.448960635981637,11.2005216982246,0.649613477849187,0.429416640537617,"None"
"TMED10",0.353773250626271,7.77615930948183,5.33279426401884,0.0573950158859535,"None"
"PA2G4",-0.0495960224082616,8.41934896398583,0.15827999581774,0.80842444566633,"None"
"ARL6IP1",-0.499308604917134,8.28630921719823,10.5525486616143,0.00310942623594096,"Down"
"EMB",0.451649943394477,8.22656909274199,5.30601680819255,0.02922069368511,"None"
"TRABD",-0.480091759670659,7.59925310576162,5.95338974400693,0.0311061642595913,"None"
"AKAP13",-0.38359111934649,8.543719459242,6.26467512777185,0.0186991371761937,"None"
"NDUFA3",-0.130610940460728,8.87780617561996,0.687644537155402,0.414270084093911,"None"
"BBLN",-0.116799290108214,8.64008896978264,0.82812609025219,0.400973260421242,"None"
"SCAND1",-0.12737884903087,7.96477791023304,0.463477891088168,0.621851284276444,"None"
"JUNB",-0.184555048315815,11.4621158839625,0.167081887433587,0.686848175501375,"None"
"PGAM1",0.0958728723589101,8.13836684957072,0.217391617033743,0.644791013457464,"None"
"TBCA",-0.28783585923814,8.55437953880532,2.38507319698444,0.134191672162356,"None"
"BPTF",0.0859171275643671,8.09965507179503,0.322284360559009,0.658814795218586,"None"
"ATF7IP",-0.400031280354584,7.6564967589191,3.4800593518853,0.0765335177117155,"None"
"JMJD1C",-0.00416597221878324,7.60954114030968,0.000618786358307643,0.980338084400406,"None"
"CD8B",-3.48955523422096,10.3214183377224,107.985705264568,2.90391085562961e-10,"Down"
"ISG20",-0.172732032801266,8.71081483361036,0.692430512189882,0.41267069416364,"None"
"BSG",0.333428388037757,8.07479977419128,4.03787500391726,0.0612033123681166,"None"
"IL16",0.240292150910521,8.34043023365656,1.38819476355778,0.249035686675912,"None"
"GNB2",-0.0181127516226305,8.2726306475326,0.0142515639163458,0.999258424493522,"None"
"PPP1CA",-0.250153355439306,8.93450573265419,2.56161298347467,0.121175495318662,"None"
"CTSW",0.272922712631092,10.4860277363016,0.920257657122067,0.34774948954079,"None"
"RASGRP1",-0.409679415278447,7.45974160178083,4.803837315629,0.0719090789562037,"None"
"THEMIS",-0.448614518073412,8.65292041080471,3.64477110925359,0.0672234345057989,"None"
"CFL1",0.0171605199578972,11.0820793948599,0.0260816233686348,0.872908870721873,"None"
"TRMT112",0.103536134531541,8.39310348502709,0.352453817990534,0.557690564137736,"None"
"MZT2A",0.306395754126827,7.96372141309221,2.53963845886376,0.122712416563745,"None"
"SMARCC1",-0.248253683839234,7.55337611085947,1.48212554475161,0.290156945238169,"None"
"UQCRH",-0.121575735903486,8.86702165155995,0.480206312336914,0.494273026298735,"None"
"TOMM20",-0.101365724906052,8.42835422849043,0.337942062631741,0.621147676678332,"None"
"CD7",-0.0927893619668558,9.81922234710148,0.450496345528211,0.507826444345673,"None"
"EIF1",0.0871466549340979,11.4235530642555,0.365493547320305,0.550540376301659,"None"
"GNG5",-0.116013927496848,8.29881248117673,0.601591176863231,0.554158267324925,"None"
"PRPF8",-0.0906575247920188,7.66782424443526,0.248720831130723,0.660415417760581,"None"
"SRP72",-0.226309962214918,7.52723970631444,1.33975612544811,0.297032514257174,"None"
"NDUFA11",-0.133821500573933,8.50048482836587,1.06290822675244,0.436560390060453,"None"
"PACS1",-0.619009314548681,7.90124241156919,6.93959076620268,0.0138146601152911,"None"
"EIF3F",0.0175189178657575,9.54793896626236,0.0222826714456173,0.882451887794103,"None"
"TBC1D10C",-0.4161545267725,8.68028115393823,10.0027974291217,0.00724840692133552,"None"
"POLD4",-0.398680250059772,7.66093633693841,3.04171995837955,0.092576920174763,"None"
"DRAP1",-0.0864652511204462,8.36003254542415,0.25694262643137,0.616361569928172,"None"
"UCP2",-0.550851347980479,9.20486182117912,10.4000725611586,0.0032988932321928,"Down"
"CCDC85B",0.072681777505462,8.40700555051628,0.249563730186466,0.621446999460028,"None"
"TOMM5",0.215900149414392,7.77902513534916,1.98274163457277,0.235679711307665,"None"
"CTDNEP1",-0.0752769463210073,8.0241642520219,0.174315155418297,0.683625334478226,"None"
"SSNA1",0.0171591406459939,7.46608080221172,0.00761506713619593,0.974476661406772,"None"
"COX8A",-0.143575798981667,8.69736705055145,1.00463793836405,0.325128753246377,"None"
"DPP7",0.127945519325927,7.91996381717731,0.797943825351069,0.379636795408892,"None"
"RHOG",-0.00502446571228477,7.97497618458039,0.000831504057340703,0.97720856445588,"None"
"TALDO1",-0.146414074997642,7.54094780722396,0.546515149609967,0.559861898400224,"None"
"JUN",0.489542911896703,10.9753402117686,0.704104318149683,0.41099753913477,"None"
"PNPLA2",-0.470269089166584,7.61281144079152,4.22194800936275,0.0497427148404008,"None"
"POLR2L",-0.0906115896217496,8.82630860333296,0.475655681598391,0.496308034577171,"None"
"HNRNPA0",0.34944697059972,8.63499393792655,3.09094419216628,0.09011215830413,"None"
"GRB2",-0.379779588690811,7.80833493899352,3.56000581587318,0.0700324988807324,"None"
"NDUFV2",-0.182550596901806,7.79305205545723,0.730504114511989,0.400273412106178,"None"
"COX14",0.0944491980337093,7.48321280452141,0.22654325073088,0.637944562391723,"None"
"ERN1",2.08259338150956,7.29308196028935,29.4263103313958,2.0256479797633e-05,"Up"
"COX5A",-0.181388708940597,8.20654790199061,0.819856709967126,0.373266725268244,"None"
"ZBTB7A",-0.00975890697346597,7.67331689031981,0.00137680671237089,0.970675200588113,"None"
"TUFM",-0.112271218327867,8.09094817314905,0.287323153372602,0.596349167233335,"None"
"EIF3K",-0.0841758313211955,9.89467440458946,0.671252205221046,0.443007171297726,"None"
"GIMAP7",-0.156398578029272,9.59561249961297,0.154819756829345,0.69789533578532,"None"
"CALR",0.0992604098773311,9.01179388072783,0.41893690215537,0.522957524423406,"None"
"RAD23A",-0.142991576786691,7.84819875527141,0.701238858546623,0.449115149547031,"None"
"MAF1",-0.439164155446953,7.40461863965362,7.24193497451206,0.0725692853049298,"None"
"PCED1B",-0.885094233737419,8.02061470083317,5.87331346973939,0.0230873290268167,"None"
"SEPTIN1",0.0220918946518422,8.97669874867106,0.0232535746598023,0.879938360930735,"None"
"HCLS1",-0.101272463568846,9.27973082905505,1.30779266672556,0.428056291467949,"None"
"PAK2",-0.137390281777332,8.12465900357546,0.512220226905733,0.480350552902397,"None"
"PRF1",0.941353853576172,9.28455084529075,5.66559651323228,0.0267430041335509,"None"
"SSR4",0.35512344924205,9.25380211380527,15.5562438852615,0.00218418513666848,"Up"
"TRAPPC5",-0.462716116210826,7.5695349140058,4.05434791228823,0.054169094322639,"None"
"SETD2",-0.0861205862063483,7.32145445590455,0.207527209067259,0.695549827637721,"None"
"ZBTB20",-0.576255652614234,8.04326140343029,7.49316093641756,0.010846001058142,"None"
"TMEM259",-0.190174363328584,7.56156862987608,0.861264692530709,0.48119985791141,"None"
"P2RY8",0.282448479666974,8.12914869586661,2.09666043126072,0.159185397183947,"None"
"ARL6IP4",-0.330237476444302,8.73542648815853,7.74774148265234,0.0197522905404688,"None"
"ATP6AP2",-0.506561944710544,7.56269416755788,4.72707382167526,0.038668088613709,"None"
"TTC3",-0.212772713387711,7.75782365173592,0.73570531727121,0.398623383539968,"None"
"LCK",-0.512210848783115,9.50727839604877,21.9206660744779,7.85976142537767e-05,"Down"
"EWSR1",0.131252929152064,8.342159557942,0.903948460693032,0.350196085292892,"None"
"SMDT1",-0.0509039784949953,8.30903933421083,0.0120631884959193,0.913559905231144,"None"
"DAZAP2",-0.257857354285175,9.29671720594998,5.14783187110041,0.0315184920593954,"None"
"NDUFB1",-0.480319708534758,8.18356579831401,6.419348116322,0.0174319072932895,"None"
"TMEM50A",-0.00455183678195725,8.10763945519857,0.000666191595362375,0.979598998947677,"None"
"PTP4A2",-0.362775072721225,9.24807613392222,5.48545437476951,0.0268359217563662,"None"
"ACTG1",-0.150415525420155,11.5764098794203,1.85000457258604,0.18508139963046,"None"
"UQCR10",-0.123569294010219,8.68120447927186,1.38253848688714,0.476639496361061,"None"
"PPP1R2",-0.704173014425876,8.13754214656428,7.77997873561623,0.00958846017154197,"None"
"SEPTIN9",-0.434661975303588,9.21186206105279,7.12060600993306,0.0127561100809671,"None"
"NDUFA12",-0.463816166785344,7.97399756349525,5.49938088483294,0.0266600345169654,"None"
"H1-10",-0.194208259735092,9.7242736756882,1.76695198371574,0.194932017387307,"None"
"FMNL1",0.103258813126328,8.07493937461995,0.274815691610545,0.604415791874837,"None"
"NDUFA6",-0.0795715839844636,7.66868113486511,0.132180430351934,0.719025723305491,"None"
"SIVA1",-0.208002742760142,7.37080074830485,1.2041039971265,0.410289920769112,"None"
"CIB1",-0.360802215076267,8.3844078701099,5.74596272618924,0.0415988652639797,"None"
"SIGIRR",-0.0527683467062217,8.12420332377869,0.118333366984852,0.806473023854057,"None"
"IFITM2",0.179816020330837,10.0108350297888,1.11796734785032,0.299972657627735,"None"
"UBALD2",-0.232122877013527,8.39791112116157,0.815829875084991,0.374747233908124,"None"
"P4HB",0.604346187486706,8.32041584545273,18.3965780089103,0.000206766147026174,"Up"
"ZFP36L1",0.826591826090667,8.62015217891372,23.9185604189369,4.13056584959049e-05,"Up"
"UBE2L3",0.216664300311193,7.61039118726026,1.47574668693672,0.235004775429347,"None"
"MORF4L1",-0.014932297920458,8.78435710931302,0.0159274297493263,0.96064935907898,"None"
"IKZF1",-0.370650471239109,8.95380358565676,6.58594424848352,0.0161715641769081,"None"
"BCAP31",-0.107734641337387,8.26431221653612,0.591825418359202,0.511271811420433,"None"
"EVI2B",-0.230523105495212,8.09606762139483,1.59572435850509,0.217357389894508,"None"
"ATP6V0C",0.08554971078358,8.40095586753828,0.348909926487657,0.61828238665243,"None"
"IFITM1",-0.279201819369094,11.3823366699722,8.72020788791365,0.00646245690971455,"None"
"LAMP1",0.235351732027163,7.86174108204319,1.99593874472846,0.20375173019556,"None"
"RASA3",-0.623423195352283,8.24231138535776,12.3629810551663,0.00157415911961867,"Down"
"NDUFA13",-0.0861855528322612,8.86927417880127,0.591395768880239,0.448584579443953,"None"
"POLR1D",0.186658959966576,7.77716116935141,0.789859636421028,0.38202686330961,"None"
"PPP1CC",-0.765031940087192,7.6766913604607,9.23736364244806,0.00523190683582825,"Down"
"KRT10",-0.420517946823534,8.38481576248872,6.15816335699168,0.0206939019157379,"None"
"GNG2",-0.0226245020564926,8.51829946545155,0.0137147946978662,0.907643372911519,"None"
"ARHGAP30",-0.388529600010858,8.11543331051761,3.46964833259326,0.0734677742218247,"None"
"GPATCH8",-0.074328943760426,7.48339972949603,0.174439854270761,0.736823775314353,"None"
"PRR5",1.71848825994733,7.45073605595917,54.7528399597472,7.97953961744521e-08,"Up"
"NAP1L1",-0.176079125816401,8.37962409364527,0.757876466928092,0.391702225867849,"None"
"FNBP1",-0.398932459964505,8.50583888945533,8.49483398275884,0.0182169376668565,"None"
"PTMA",0.063574930218388,12.0756342116488,0.611559751391316,0.441035617583078,"None"
"TCEA1",-0.409107559155695,8.46553118927539,8.37289594409188,0.0168162415871732,"None"
"SEMA4D",-0.387898249735696,7.85266052099984,2.80556669030491,0.10553436057589,"None"
"ARL4C",0.877094145423442,9.63983218288122,33.6863872811617,3.61035709041382e-06,"Up"
"LAMTOR4",-0.399305481755872,8.41244120269558,10.515504825996,0.0169511311749559,"None"
"COMMD6",-0.490924183787797,10.0536736002998,13.2981998832689,0.00112361678722173,"Down"
"SELL",-2.16791808822091,9.42184407429857,24.5187078062152,6.04355875748349e-05,"Down"
"SRSF10",-0.449522852669923,8.08618056193736,10.5455323310827,0.0208827732253284,"None"
"SUMO2",-0.353541090931143,9.18697161176365,11.2030230303685,0.0036477485883109,"Down"
"DPYD",0.0308687877426589,8.06868348929223,0.03925291947044,0.883690222506381,"None"
"NDUFA4",-0.138774314471046,9.04954685681326,1.55349835478645,0.292053937839,"None"
"LITAF",-0.209350382340271,8.97932109558862,0.636187544877552,0.432947491129738,"None"
"PNRC2",-0.117246004947821,7.50235476945974,0.283927168509646,0.691536263074383,"None"
"HMGB1",-0.207354746230971,10.1714056669398,3.20937595613386,0.0844838354773768,"None"
"S100A4",0.723811844931066,11.6721806207742,16.8634117541787,0.000363866306210186,"Up"
"MPHOSPH8",-0.391505488455779,8.27821444430314,4.54750886730908,0.042254259368023,"None"
"PPIA",0.0359621539229286,10.7437431592342,0.141935332982913,0.709322229709489,"None"
"GIMAP5",0.105683366361864,8.43784291602475,0.116111002011408,0.736346730900414,"None"
"PTPN1",-0.127653141522821,7.45780224100573,0.337385164371386,0.594953087423067,"None"
"EVL",-0.3720115297373,9.79886999778624,14.9368746998558,0.00130505311589675,"Down"
"XRCC6",-0.00726451821921639,8.45936919615265,0.00353884095131543,0.986748172811188,"None"
"PRPF40A",-0.0578689356212781,7.5882970312089,0.108863876697137,0.811162435221728,"None"
"NACA",-0.119814774328804,12.0962884551196,1.34890404526814,0.255679507328991,"None"
"TOMM7",-0.0754128937575505,10.4666557117406,0.497692081406474,0.486584993212784,"None"
"CD47",-0.0438063376966965,8.09922305345407,0.0868529080128996,0.770480888499006,"None"
"FLNA",0.0239899582491006,9.0956922599866,0.0124263986676665,0.912111802505392,"None"
"ANXA6",-0.485521251251632,8.9746714625326,7.77036042501206,0.00962795043922843,"None"
"H4C3",-0.764128779209293,9.86617857627405,8.71690195593938,0.00709643395493285,"None"
"PCBP2",-0.305902558543765,9.43247043740301,4.57357760000751,0.0417113598506077,"None"
"GSTK1",-0.48662737590256,9.19800356063072,8.53434776926764,0.00697896166720083,"None"
"SPN",-0.126530748846453,8.13738542328737,0.171191518236924,0.682645984020586,"None"
"GZMM",0.0268988460188942,9.05777604691342,0.0132509160159551,0.909287337815168,"None"
"CDC42SE1",-0.22976009730106,8.45443489259924,0.985280267490134,0.329799064041484,"None"
"SPTAN1",0.300590464515814,7.99922973232562,2.58213665740295,0.119760302719144,"None"
"PSAP",-0.171046773188896,8.46323657473135,0.775006431328799,0.386475933729641,"None"
"S100A10",-0.481401094779605,10.1732663000053,8.90002887774686,0.00600212733144846,"None"
"S100A6",0.397866111184258,10.7798839139747,13.5251056130846,0.00103678895319024,"Up"
"MBP",-0.366598546596859,8.52408278702317,2.83931913086412,0.103560140217591,"None"
"GRK6",0.333761399271311,7.93585375257084,4.30162756832513,0.0477816205066659,"None"
"MIER1",0.133846255097006,7.51804434933861,0.597287827061368,0.508953195030143,"None"
"UBL5",-0.116829487839738,9.10605202149708,0.882203093396591,0.362493877295198,"None"
"DDX39B",-0.148120082092179,8.00881728260564,0.644148062780486,0.491274420040435,"None"
"LRBA",-0.259374300557003,7.57551289192545,1.47406310902535,0.235264989141481,"None"
"BAZ1A",-0.132526297031481,7.29850152516932,0.430781776535538,0.562559755511176,"None"
"CALM1",0.29380290416333,10.8530104879198,7.99173516375195,0.00876234030706738,"None"
"RCSD1",0.0195199987947038,8.48154877132707,0.0184895336173489,0.959923870732715,"None"
"CD247",0.232835575890292,8.97949135564965,2.39769709319861,0.1332081891929,"None"
"HMGN2",-0.72587269816611,9.15359014921738,10.4872517815505,0.00328477948727717,"Down"
"CD3E",-0.0196775963544579,11.1319845241841,0.0580632570924,0.970833333542288,"None"
"OSTC",0.870260256826235,7.54645751906521,30.3605045613275,7.87696041007209e-06,"Up"
"APRT",0.165391770170022,9.20958511778714,2.15458324308209,0.24778754933295,"None"
"LIME1",-0.4987997718916,9.1630487717096,11.300470760049,0.00233616642799983,"Down"
"BRD2",0.186618163411123,7.59183654192064,0.780352277196259,0.384865948603269,"None"
"PSMB8",-0.405481652400093,8.73137456242647,7.53138304007982,0.0106684663488066,"None"
"CSNK2B",-0.245114022289828,8.32706273071791,4.04777347748147,0.161764157882022,"None"
"NCR3",2.70777784910964,7.43091694797433,65.8637675075907,4.77790832446027e-08,"Up"
"HLA-C",-0.129180600829024,12.4758617101696,0.547885244426114,0.465836222286033,"None"
"HLA-E",0.00105055498233279,11.4269270858137,0.00011376781903424,0.991568534048328,"None"
"PSMB10",-0.041700776697156,8.57578445793383,0.0579091231991315,0.811657632573068,"None"
"PDE7A",-0.143600687814655,8.0521415267844,0.252572848608747,0.619540168662347,"None"
"PRR13",-0.0860094472777736,9.03371457865572,0.534426878499273,0.471076440767308,"None"
"NAP1L4",-1.15244342325206,8.45807751956558,31.8634185680872,5.50515733745024e-06,"Down"
"TMSB4X",-0.153939890566319,13.0041976961705,1.40735216478915,0.245876359920677,"None"
"HMGN1",-0.494327321829004,8.84655696699411,15.3898548910926,0.00103236493508481,"Down"
"RNPS1",-0.0711777269341289,8.02613732030682,0.154839172829107,0.697056935910901,"None"
"HLA-A",-0.134518416494068,12.5033275323725,1.19099228134144,0.284815148680506,"None"
"CRIP1",-0.727911076027187,10.002273929298,8.14698910533238,0.00890771683419677,"None"
"PTPRCAP",0.00784601211240397,9.99617612065741,0.00522494259697727,0.942911244157243,"None"
"LBH",-0.108066338147247,8.73303822991834,0.239603741853521,0.628561638551514,"None"
"LAT",-0.369709868969944,8.71561557919872,6.71807049466137,0.0182280969249785,"None"
"KLRK1",-1.26841011142273,9.53436369479189,52.182989457056,9.30360724933744e-08,"Down"
"FIS1",0.129538297455793,7.86900023537694,0.810406852538753,0.421807012808467,"None"
"TOMM6",-0.26596213573709,8.4125284824814,4.79802391453677,0.145731449051063,"None"
"HNRNPUL2",0.255305172465229,7.57982571649347,1.2569747617879,0.272140827477506,"None"
"PHB2",0.0994728560503114,8.26427692460646,0.444554525007576,0.510615271715054,"None"
"DDX3X",0.15448003379835,8.14540989411392,0.454217925816678,0.506093337649358,"None"
"TSTD1",-0.323850444720879,8.00462550450219,2.0052122687005,0.16824317882911,"None"
"CKLF",0.855119185899906,8.08770557295416,21.6945670300724,7.71471129269038e-05,"Up"
"RNASEK",-0.046082883506773,9.16172729290989,0.157374508851527,0.761248436272187,"None"
"VAMP2",-0.0750422841244232,9.05859132178593,0.491428632062453,0.603088864821945,"None"
"CEBPD",3.94959115064445,6.52197574142695,79.799613945298,5.98443935284165e-09,"Up"
"NOL7",0.110008355234554,7.85957657212115,0.465808225839052,0.50076166595748,"None"
"OST4",-0.0130952915352268,9.60434047907407,0.0159656960056697,0.90039096059784,"None"
"PET100",-0.148944940823555,8.22741706916798,0.758069766996812,0.391642669967364,"None"
"TMA7",-0.2393394734515,10.6213401587931,7.16245820717798,0.0125242134813795,"None"
"MIF",0.0560058424968438,9.94655142793132,0.344950980711324,0.561886670053937,"None"
"ARPC4",-0.0402187536484403,8.39213479883581,0.0483763918889752,0.827574752447056,"None"
"NME2",0.221945260975397,9.4035223210262,3.19912328966618,0.0849548581162261,"None"
"DDOST",0.306190400802882,7.96710879432371,4.26223583109694,0.0794041848404824,"None"
"UBE2V1",-0.0300361256287812,8.63710658804763,0.0466810544498118,0.920503635056848,"None"
"N4BP2L2",-0.123770304236039,8.21403252765809,0.460364361818506,0.503253621322469,"None"
"TWF2",0.0525902736125727,7.66563361660274,0.0705483955420734,0.797510615826359,"None"
"PDCD6",-0.300171075664552,7.60742798370191,1.72097316412217,0.200661589787238,"None"
"CHCHD10",-0.12150453697056,8.02794914402384,0.229738143763072,0.635594584735787,"None"
"EEF1G",0.0643206522700923,11.0528685414698,0.132762565102458,0.718540857583982,"None"
"BRK1",-0.131764539183016,8.11250108541644,0.555985509885904,0.462353186666368,"None"
"EID1",0.291236547452157,8.21792153878575,4.78217268746824,0.0708487835636753,"None"
"LSM14A",-0.118166606775311,8.18339712775588,0.593549193588783,0.447768603707313,"None"
"CHURC1",0.262808906623979,8.062232018136,2.31856312605301,0.139516648463564,"None"
"C17orf49",-0.142424114707333,7.66020213170367,0.42545425202513,0.519767159613152,"None"
"CORO7",0.104074530215915,8.04634052973461,0.145359342991684,0.706134585878353,"None"
"RBM8A",-0.0859766362462087,8.05357859192627,0.346334477497272,0.620692405325242,"None"
"TXNIP",0.134908417702671,12.0849459912315,0.31049977489256,0.582799474005342,"None"
"RASSF5",0.115715327834089,7.76109395733267,0.370705519897084,0.547731373956956,"None"
"TAF15",0.160027015026649,8.07392967572694,1.47250520423066,0.253155497211038,"None"
"CCL5",-0.455530167259481,11.9576700703298,1.87855295160755,0.184643622404679,"None"
"ORAI1",0.0455256176006188,7.62116898147167,0.0377529846746408,0.847400951667192,"None"
