"","scores.NK_cell","scores.NK_cell.CD56hiCD62L.","scores.NK_cell.IL2","labels","delta.next","pruned.labels"
"19_AAACCTGCAAGGACAC-1",0.347009223518739,0.226951854772896,0.319657045508866,"NK_cell",0.0393659063967055,"NK_cell"
"19_AACACGTCAAGGTTTC-1",0.288898407004674,0.126731055964288,0.280884666326711,"NK_cell",0.0221111733733481,"NK_cell"
"19_AAGGTTCTCTGTCTCG-1",0.320927175059145,0.164061634768849,0.279256419233373,"NK_cell",0.073768593578805,"NK_cell"
"19_ACATCAGAGTGACTCT-1",0.228213999202906,0.10831917180066,0.207459036382345,"NK_cell",0.0118516134416842,"NK_cell"
"19_ACATCAGCAAATCCGT-1",0.259341315341183,0.120898833283139,0.255390255775575,"NK_cell",0.00276660066411552,"NK_cell"
"19_ACGATACCATAGTAAG-1",0.151427602737966,0.0613052945808991,0.172986513213171,"NK_cell:IL2",0.0366573651121119,"NK_cell:IL2"
"19_ACGATGTGTGGTACAG-1",0.29737783803365,0.17334368540174,0.270516129868367,"NK_cell",0.0530799361617583,"NK_cell"
"19_ACGGGTCGTCTGGAGA-1",0.280580159440366,0.178325660175386,0.244192933487199,"NK_cell",0.0505365034443554,"NK_cell"
"19_ACTGAGTGTGGCTCCA-1",0.303024261409014,0.1666886477979,0.288826295040006,"NK_cell",0.0381104588084631,"NK_cell"
"19_AGAGCGACAGTCAGCC-1",0.28331849695281,0.156910421784768,0.290710403609438,"NK_cell:IL2",0.0186345542285159,"NK_cell:IL2"
"19_AGCAGCCAGGGTCTCC-1",0.308822654802717,0.146668746916231,0.257004557545829,"NK_cell",0.0518180972568877,"NK_cell"
"19_AGGGAGTCAGACTCGC-1",0.315458417278032,0.149696062389185,0.304335838538177,"NK_cell",0.0272771461630821,"NK_cell"
"19_AGGGTGACAATGGTCT-1",0.250469403332194,0.115154421335861,0.237466189744476,"NK_cell",0.0221544731301087,"NK_cell"
"19_AGTTGGTGTACCAGTT-1",0.315364795554432,0.212480698671836,0.287768525783392,"NK_cell",0.0501215525874302,"NK_cell"
"19_ATAACGCGTGGCGAAT-1",0.237273573006018,0.129689134633807,0.277628495644106,"NK_cell:IL2",0.0961516959662489,"NK_cell:IL2"
"19_ATCCGAACACCTCGGA-1",0.325282148856507,0.202891568042461,0.295690957168673,"NK_cell",0.0620467876240917,"NK_cell"
"19_ATTTCTGGTCAATGTC-1",0.300372097250629,0.157659885284939,0.254323197175369,"NK_cell",0.0883928496959287,"NK_cell"
"19_CAGCATATCACAGGCC-1",0.309299179155203,0.143413207508421,0.275163270275754,"NK_cell",0.059346448375413,"NK_cell"
"19_CATATGGGTCCGTTAA-1",0.291034359816249,0.161227837735092,0.258980773412784,"NK_cell",0.0597524120021563,"NK_cell"
"19_CATCAGACATGCTGGC-1",0.319693269781841,0.20097524120323,0.285418182932805,"NK_cell",0.082912895058355,"NK_cell"
"19_CATCGGGAGATATGCA-1",0.255006595079627,0.151996580971769,0.255113229216115,"NK_cell",0.00345680977497115,"NK_cell"
"19_CCATTCGCACCGAAAG-1",0.300540839507789,0.165441073820593,0.28282238314914,"NK_cell",0.020001309659113,"NK_cell"
"19_CCCAGTTAGCTGCCCA-1",0.284536671612268,0.19318977127552,0.219199022612408,"NK_cell",0.0653376489998605,"NK_cell"
"19_CCCTCCTTCAGCTCTC-1",0.311166320068196,0.153808311219482,0.285456032902128,"NK_cell",0.0704453762517792,"NK_cell"
"19_CGTCAGGGTCAGAAGC-1",0.286830255024128,0.12070857550218,0.277554172982147,"NK_cell",0.0166174414355653,"NK_cell"
"19_CTACACCAGCGTAATA-1",0.355359637110441,0.211161312525381,0.294505607426762,"NK_cell",0.0608540296836784,"NK_cell"
"19_CTCGGAGCAGGTGCCT-1",0.281342058217329,0.164614379113819,0.28600806489413,"NK_cell:IL2",0.0125940065166039,"NK_cell:IL2"
"19_CTGCCTACAGACTCGC-1",0.319081205256943,0.183947049980684,0.301454812343403,"NK_cell",0.0325634743089138,"NK_cell"
"19_GAAGCAGGTCGAATCT-1",0.324615220046649,0.205179967255953,0.294188108772185,"NK_cell",0.0419169753657718,"NK_cell"
"19_GAATAAGAGATCACGG-1",0.33447645381535,0.181333702123901,0.322920055996057,"NK_cell",0.0390497443722473,"NK_cell"
"19_GACAGAGTCTCTGCTG-1",0.318034493070245,0.126847912768428,0.312983665194662,"NK_cell",0.0107793868258886,"NK_cell"
"19_GACTGCGAGGCTATCT-1",0.369407263397865,0.224582788186652,0.352770473703203,"NK_cell",0.0186167321091211,"NK_cell"
"19_GATTCAGGTCGGCATC-1",0.298408563167297,0.144141414400629,0.288408421577947,"NK_cell",0.0272963193537474,"NK_cell"
"19_GCATGCGGTTGGTAAA-1",0.299748895023284,0.171054381317956,0.296724208768765,"NK_cell",0.017299503829194,"NK_cell"
"19_GCGACCACATACCATG-1",0.301634315552763,0.159309169406945,0.288563181577775,"NK_cell",0.0288988433967174,"NK_cell"
"19_GGACAGACACCAGCAC-1",0.335087478777523,0.194443170121217,0.309978343825002,"NK_cell",0.0376078684579443,"NK_cell"
"19_GGCTCGAAGATGCCTT-1",0.374191135571902,0.237946923623591,0.349512888407873,"NK_cell",0.0295799003964479,"NK_cell"
"19_GTAACTGCATCCGCGA-1",0.300202350050529,0.162948547748388,0.272746258846661,"NK_cell",0.0446939810653656,"NK_cell"
"19_GTAGGCCTCCTTGCCA-1",0.333768350444021,0.188039421113576,0.301001481143459,"NK_cell",0.0386333057670751,"NK_cell"
"19_TACCTATAGACGCAAC-1",0.288525555565007,0.187726717670769,0.26422108024323,"NK_cell",0.0340872973750778,"NK_cell"
"19_TACCTTACATTTGCTT-1",0.328750976471009,0.168685661472647,0.308454700726645,"NK_cell",0.0492709730721202,"NK_cell"
"19_TAGCCGGCACCAGCAC-1",0.331980949230668,0.158798895682994,0.331650463075345,"NK_cell:IL2",0.0311760744243156,"NK_cell:IL2"
"19_TCGTAGAGTGTTCTTT-1",0.270621465922618,0.119662824528411,0.280820679766841,"NK_cell:IL2",0.010434469064776,"NK_cell:IL2"
"19_TGTCCCAAGATGGCGT-1",0.345284349403627,0.214399677462307,0.320313432500988,"NK_cell",0.0556783631716261,"NK_cell"
"19_TTCGGTCTCAGTTGAC-1",0.212755905973015,0.114750427165426,0.182499956866506,"NK_cell",0.0533394065473302,"NK_cell"
"20_AAACGGGAGCTGATAA-1",0.313878198799715,0.177737423324381,0.300087563160443,"NK_cell",0.0073671772504581,"NK_cell"
"20_AACTGGTCATGGGACA-1",0.190159892820345,0.0702244043712067,0.148529972165613,"NK_cell",0.0846075319846928,"NK_cell"
"20_AAGGCAGAGACTAGGC-1",0.240732109408443,0.115791963959669,0.246367560981669,"NK_cell:IL2",0.00512012192683237,"NK_cell:IL2"
"20_ACGGGTCAGGCCCTTG-1",0.323305102101075,0.210775832703551,0.279515538949373,"NK_cell",0.0845911240775419,"NK_cell"
"20_ACTGAACCAATCCAAC-1",0.33268714127423,0.135296979564327,0.30823388152205,"NK_cell",0.0794090589508994,"NK_cell"
"20_AGTGAGGGTCCGAGTC-1",0.286860094583029,0.149411542353588,0.286788957781438,"NK_cell",0.0118906761558994,"NK_cell"
"20_CACTCCATCACGACTA-1",0.325830888343134,0.166359898874394,0.316406996185149,"NK_cell",0.0118417336960585,"NK_cell"
"20_CATGGCGCAGATTGCT-1",0.354162237800261,0.191951113026268,0.313286962904716,"NK_cell",0.0816631046054207,"NK_cell"
"20_CCGTTCATCCTCAACC-1",0.266499542896447,0.105460173315549,0.257481276951088,"NK_cell",0.0347749058580194,"NK_cell"
"20_CCTCTGATCGTTTATC-1",0.336601503746846,0.127469755109497,0.305777882393896,"NK_cell",0.0721083760700063,"NK_cell"
"20_CTACCCACACTTAACG-1",0.330212879434639,0.192653542203831,0.282384555597895,"NK_cell",0.106326030752486,"NK_cell"
"20_CTCGAGGAGCTAGGCA-1",0.300400794473136,0.170606433001035,0.266792902611009,"NK_cell",0.057128950140479,"NK_cell"
"20_CTGCCTAAGTCCCACG-1",0.28835343992738,0.188855866031933,0.247233896337143,"NK_cell",0.0468599844398973,"NK_cell"
"20_CTTCTCTGTGGCCCTA-1",0.277459195671314,0.133263370980276,0.275188354483209,"NK_cell",0.0256179503263572,"NK_cell"
"20_GACCTGGGTGTGACCC-1",0.299450196087582,0.144368133565511,0.267913543565991,"NK_cell",0.0506503452276979,"NK_cell"
"20_GATCAGTGTGATAAAC-1",0.31741979356136,0.116925491385897,0.312479485966363,"NK_cell",0.0242547767178473,"NK_cell"
"20_GATGCTAGTCTACCTC-1",0.283356239717128,0.161880201286012,0.20173524769793,"NK_cell",0.0816209920191986,"NK_cell"
"20_GATTCAGCATCTCGCT-1",0.294381867836975,0.194744673943317,0.248504876207476,"NK_cell",0.0526342669016346,"NK_cell"
"20_GCAATCAAGCCAGTTT-1",0.315054286460749,0.15643837113167,0.286567591513505,"NK_cell",0.0558286165557425,"NK_cell"
"20_GCTTGAACAGTCGATT-1",0.313629854474877,0.103902631081146,0.306087137109829,"NK_cell",0.00763131450775956,"NK_cell"
"20_GGCAATTCATTGGCGC-1",0.347833543212046,0.191308686791843,0.320070729845641,"NK_cell",0.0623955091994985,"NK_cell"
"20_GGCCGATCAATAGCAA-1",0.342528925986889,0.164722355882051,0.350919934301031,"NK_cell:IL2",0.00660375809050062,"NK_cell:IL2"
"20_GGGATGATCTGACCTC-1",0.347613902498957,0.20326552826506,0.314726565754215,"NK_cell",0.0610184266530427,"NK_cell"
"20_GTACGTACACGAGGTA-1",0.339181817111794,0.152480098413002,0.314457977070559,"NK_cell",0.0811691569475504,"NK_cell"
"20_GTCCTCATCTTCGGTC-1",0.332913006953187,0.207287027034977,0.309950124732525,"NK_cell",0.0344340638605439,"NK_cell"
"20_GTCTCGTAGAGTAAGG-1",0.307352839331934,0.124119136782136,0.306436784438026,"NK_cell",0.010975740272672,"NK_cell"
"20_GTGTGCGAGGACCACA-1",0.288828326979024,0.156570147614955,0.275728831432712,"NK_cell",0.033773744964465,"NK_cell"
"20_GTGTTAGTCCTGTAGA-1",0.29482422821599,0.164512997637716,0.290777762319048,"NK_cell",0.0201371969791949,"NK_cell"
"20_GTTTCTATCACATAGC-1",0.312370643637556,0.155872714808805,0.331933574485536,"NK_cell:IL2",0.0458947003759153,"NK_cell:IL2"
"20_TACTCATAGATGTGTA-1",0.303983789782258,0.144088434661269,0.302658517166942,"NK_cell:IL2",0.00112555932133523,"NK_cell:IL2"
"20_TACTCATTCAGGATCT-1",0.313408537595358,0.180805519208854,0.300383201564986,"NK_cell",0.0271932020471384,"NK_cell"
"20_TACTTGTTCGCTTAGA-1",0.328722933826848,0.106805867197387,0.326563412504545,"NK_cell",0.00728681206618192,"NK_cell"
"20_TAGCCGGTCCGTTGTC-1",0.331398426181887,0.1818381201723,0.326481692306377,"NK_cell",0.0319513669877241,"NK_cell"
"20_TATCTCAAGCCACGTC-1",0.285050468345091,0.109159677122091,0.281959006086741,"NK_cell",0.0295746160246999,"NK_cell"
"20_TCACAAGTCATCGCTC-1",0.295498023841392,0.136855464773022,0.276637216996526,"NK_cell",0.00274154546790129,"NK_cell"
"20_TCAGCTCTCTGGTATG-1",0.344958810283189,0.225603662817402,0.287294432869295,"NK_cell",0.0576643774138939,"NK_cell"
"20_TCATTTGTCCTATTCA-1",0.348721501492717,0.161184229170548,0.335670738187985,"NK_cell",0.0521409459151153,"NK_cell"
"20_TGCGTGGTCCTTGCCA-1",0.282451967314439,0.144904524935986,0.244023943562596,"NK_cell",0.0737991446971794,"NK_cell"
"20_TGCTACCGTCGCGTGT-1",0.286203288679044,0.137118528109236,0.296654958380168,"NK_cell:IL2",0.000995108601393985,"NK_cell:IL2"
"20_TGCTGCTGTCAGAAGC-1",0.316846939487644,0.110011793558696,0.290295734029078,"NK_cell",0.0738749969390771,"NK_cell"
"21_AAACCTGGTACCGGCT-1",0.226353798102958,0.150605188861777,0.185121092144666,"NK_cell",0.0425641336643078,"NK_cell"
"21_AACACGTCAGCGTAAG-1",0.232350643114189,0.141630896691092,0.215703107790112,"NK_cell",0.047988474918554,"NK_cell"
"21_AAGTCTGCACGGCGTT-1",0.240963938282263,0.101249030855797,0.236673376518037,"NK_cell:IL2",0.00200421660925507,"NK_cell:IL2"
"21_ACAGCCGAGGATGGTC-1",0.302637311594688,0.164893022980497,0.251300469066772,"NK_cell",0.0513368425279159,"NK_cell"
"21_ACAGCTAGTTCCACAA-1",0.317578346218524,0.187424750374451,0.283279934856669,"NK_cell",0.0544302754188097,"NK_cell"
"21_ACCCACTAGTGTTAGA-1",0.281818452733941,0.111299958322926,0.293977414586584,"NK_cell:IL2",0.00758211278565435,"NK_cell:IL2"
"21_ACGCCGAGTGCACCAC-1",0.297662327934055,0.151263504945943,0.274886715692033,"NK_cell",0.0370299085473169,"NK_cell"
"21_ACGTCAACACTCGACG-1",0.324635639983806,0.138130913366355,0.323926977292445,"NK_cell:IL2",0.00693547789777316,"NK_cell:IL2"
"21_ACTGAGTTCGCTAGCG-1",0.296205595477601,0.143919956874029,0.283945044772601,"NK_cell",0.0304666360124909,"NK_cell"
"21_ACTGTCCGTAGCGTCC-1",0.258794896435941,0.1408355947741,0.2526122125462,"NK_cell",0.0107324753048324,"NK_cell"
"21_AGAATAGCAATGAAAC-1",0.262523277877486,0.135102885965791,0.26290016699911,"NK_cell:IL2",0.00391260663983908,"NK_cell:IL2"
"21_AGAGTGGTCTATCCCG-1",0.275598518020645,0.140380671602923,0.272702258187073,"NK_cell",0.0240645328519746,"NK_cell"
"21_AGGCCGTGTGAGGGTT-1",0.311049613379784,0.215855006577473,0.294958217009622,"NK_cell",0.0483180440873158,"NK_cell"
"21_AGTGGGATCGTAGATC-1",0.300766007664757,0.168398219055404,0.261983191116373,"NK_cell",0.083752975692546,"NK_cell"
"21_ATCCGAATCACTGGGC-1",0.259602842364793,0.16074951038171,0.265774274378965,"NK_cell:IL2",0.00323382961766569,"NK_cell:IL2"
"21_ATGGGAGTCTTGAGAC-1",0.305587299015342,0.170085849149974,0.287787981630434,"NK_cell",0.0330262021734261,"NK_cell"
"21_ATTGGACGTAGCGCAA-1",0.295049852068611,0.173196168574819,0.297621825868856,"NK_cell",0.00440070965099071,"NK_cell"
"21_CAGATCAGTAAATGAC-1",0.247076312885714,0.165170540214644,0.225861827148381,"NK_cell",0.0341242931563157,"NK_cell"
"21_CAGGTGCTCACTGGGC-1",0.280126762695589,0.125372052044881,0.285957034620543,"NK_cell:IL2",0.00497634729766994,"NK_cell:IL2"
"21_CCAGCGACACGGCTAC-1",0.240416669391173,0.132210669075533,0.250201542029572,"NK_cell:IL2",0.0412054135931992,"NK_cell:IL2"
"21_CCATTCGGTAGCGTGA-1",0.275988444648281,0.124744213257425,0.267201228448166,"NK_cell",0.0105653723262461,"NK_cell"
"21_CCTTCCCTCTCTGTCG-1",0.214578907227602,0.170072314534099,0.166404122274234,"NK_cell",0.0445065926935027,"NK_cell"
"21_CGAGCACAGGGATCTG-1",0.289186928085512,0.120459152004863,0.276230710518175,"NK_cell",0.0257543210596941,"NK_cell"
"21_CGAGCACTCTGGCGTG-1",0.289681655868539,0.179844175648876,0.252617145425368,"NK_cell",0.0667690862462193,"NK_cell"
"21_CGCTATCTCACATGCA-1",0.385648604031064,0.192721594236486,0.351580169374402,"NK_cell",0.0848122645359313,"NK_cell"
"21_CGGACTGTCTGCGTAA-1",0.325988286648111,0.167716682365333,0.275900094878861,"NK_cell",0.0500881917692502,"NK_cell"
"21_CGTCCATCACGGTAGA-1",0.273701237871982,0.136037488082737,0.244715170081222,"NK_cell",0.0753275183029895,"NK_cell"
"21_CTCATTAGTCTGCGGT-1",0.278579729924593,0.166545067084809,0.283006984231374,"NK_cell",0.00100466245349723,"NK_cell"
"21_CTCGGAGTCTTGTATC-1",0.313817754914041,0.177776151356739,0.263873304830009,"NK_cell",0.0989256717629001,"NK_cell"
"21_CTCTGGTAGCTGCAAG-1",0.306977329616799,0.157043678989442,0.274560698508499,"NK_cell",0.0589340244400339,"NK_cell"
"21_CTTCTCTCACCTCGTT-1",0.328591731287243,0.179216177157455,0.279115546630865,"NK_cell",0.0773413502944575,"NK_cell"
"21_GAAACTCTCAACGCTA-1",0.281097999481874,0.170536981081686,0.240910298212238,"NK_cell",0.0850230217718412,"NK_cell"
"21_GACCAATCAGCTTCGG-1",0.289865276788303,0.15352689805889,0.306951351341989,"NK_cell:IL2",0.00964635468654079,"NK_cell:IL2"
"21_GACCTGGCATGAAGTA-1",0.286421000557327,0.164029138773509,0.29005510480788,"NK_cell",0.0134904250109514,"NK_cell"
"21_GACTGCGTCGGCGCAT-1",0.238121944366944,0.136383985225044,0.190508541074042,"NK_cell",0.103333051132441,"NK_cell"
"21_GATGCTACATGTCGAT-1",0.37595046414054,0.20102990773752,0.342060028259403,"NK_cell",0.0500192171626275,"NK_cell"
"21_GCCTCTACATCACGTA-1",0.278274169468715,0.153436668526319,0.256077990756919,"NK_cell",0.055832482468463,"NK_cell"
"21_GCGCCAACAATCGAAA-1",0.307637733820185,0.136254285901364,0.307672410299692,"NK_cell",0.00898603394897035,"NK_cell"
"21_GGACGTCCACACAGAG-1",0.270130256151849,0.145090849073777,0.231437334278762,"NK_cell",0.0762620529045025,"NK_cell"
"21_GGGAGATCACGAGGTA-1",0.325714498381826,0.198723847798485,0.266368689259979,"NK_cell",0.0593458091218468,"NK_cell"
"21_GGTGAAGGTATGGTTC-1",0.300488832450993,0.147851549881336,0.263786258827311,"NK_cell",0.0736909712432002,"NK_cell"
"21_GTAACTGTCATGTGGT-1",0.276349771927599,0.160478587119537,0.270800398796795,"NK_cell",0.0141675605417796,"NK_cell"
"21_GTACTTTTCTTTACAC-1",0.215671938691735,0.106599172553146,0.201149942779936,"NK_cell",0.0473196185317752,"NK_cell"
"21_GTAGGCCAGGATCGCA-1",0.292292858014923,0.195529533768062,0.276517149076011,"NK_cell",0.00652703299115137,"NK_cell"
"21_GTAGTCACATGAGCGA-1",0.280431298952202,0.150559506369918,0.269504348537585,"NK_cell",0.0410014540517994,"NK_cell"
"21_GTATTCTCACCACGTG-1",0.328402019205308,0.161526888871488,0.302456991933367,"NK_cell",0.0415724287924498,"NK_cell"
"21_GTGCTTCGTTATCGGT-1",0.318609866573607,0.177034152401069,0.291077073676501,"NK_cell",0.0700103060326172,"NK_cell"
"21_TATCAGGAGCCCAACC-1",0.354866844114607,0.198072382485834,0.293429988666175,"NK_cell",0.0614368554484329,"NK_cell"
"21_TCAACGATCTTCGAGA-1",0.326133110750569,0.179131193483335,0.309232146547789,"NK_cell",0.0411006192853081,"NK_cell"
"21_TCAGCAATCCGTCATC-1",0.306740150680267,0.128975188651089,0.300876410990447,"NK_cell",0.0104629747112518,"NK_cell"
"21_TCCCGATAGTACGCGA-1",0.197206720575554,0.0701835261104445,0.191935433044344,"NK_cell",0.0247890016561565,"NK_cell"
"21_TCGGGACGTTAGTGGG-1",0.324194908873989,0.193494367777256,0.301814952809845,"NK_cell",0.0264245968497281,"NK_cell"
"21_TCTGAGACATTCCTGC-1",0.372768790861531,0.226434655087016,0.337187144208326,"NK_cell",0.0747916218840949,"NK_cell"
"21_TGACGGCGTTAGATGA-1",0.226366469136742,0.0988201035361692,0.21903428851302,"NK_cell",0.0191494025762428,"NK_cell"
"21_TGGACGCAGCTGAAAT-1",0.291180444456972,0.176329779193823,0.287447349610225,"NK_cell",0.0170085510667976,"NK_cell"
"21_TGGCGCAGTGTAATGA-1",0.207149292161202,0.13182856375896,0.201041759549247,"NK_cell",0.0233778648575257,"NK_cell"
"21_TGGCGCATCGTGGACC-1",0.244337149731251,0.106282357799052,0.269107375800141,"NK_cell:IL2",0.0338834613761487,"NK_cell:IL2"
"21_TGGCTGGCATACCATG-1",0.336669128388424,0.190012326833021,0.317085479328603,"NK_cell",0.0291244069364043,"NK_cell"
"21_TTGAACGGTCCTAGCG-1",0.302909938416854,0.138220866842516,0.317908723869201,"NK_cell:IL2",0.0265407433494109,"NK_cell:IL2"
"22_AACCGCGGTAAGTGTA-1",0.340787992704348,0.152470027512617,0.31572600618062,"NK_cell",0.0293826348686906,"NK_cell"
"22_ACTGAACTCTTGCAAG-1",0.273104085196365,0.130356828800462,0.252604962116891,"NK_cell",0.0210301735110858,"NK_cell"
"22_AGGGAGTCAGTCAGAG-1",0.297633813169679,0.126138407047293,0.238120049715984,"NK_cell",0.0595137634536947,"NK_cell"
"22_AGGGTGATCTTAACCT-1",0.298049752999235,0.16784796536201,0.261893064437661,"NK_cell",0.0891019331619513,"NK_cell"
"22_AGGTCATCATAGACTC-1",0.289444449189813,0.166037565058477,0.262295053668281,"NK_cell",0.0691170551530546,"NK_cell"
"22_ATCATGGGTTCCATGA-1",0.34482606990367,0.19402102161047,0.293114281029511,"NK_cell",0.0517117888741591,"NK_cell"
"22_CACCAGGCAAGGTGTG-1",0.22875589400316,0.14999480247636,0.218812421153568,"NK_cell",0.0333448416976193,"NK_cell"
"22_CAGCAGCAGGTGCTTT-1",0.315797930018024,0.189747417538087,0.272582069733833,"NK_cell",0.0790399533389052,"NK_cell"
"22_CATATTCTCATTGCGA-1",0.319919335079215,0.179601880112559,0.320869612372207,"NK_cell",0.0198382375890262,"NK_cell"
"22_CATGACATCGAACGGA-1",0.278014403364763,0.148182762843389,0.242467846168296,"NK_cell",0.0580146236214536,"NK_cell"
"22_CATTATCGTGCAGGTA-1",0.331461294403867,0.176836839036952,0.288963513279303,"NK_cell",0.0770723785418642,"NK_cell"
"22_CCTCAGTGTCAGGACA-1",0.326206849399631,0.205377295228455,0.33904357506839,"NK_cell:IL2",0.0092434882194648,"NK_cell:IL2"
"22_CGATCGGTCCTTGCCA-1",0.2673146113442,0.175557261552918,0.231101426303052,"NK_cell",0.0706697579776086,"NK_cell"
"22_CGCTATCCAAGAGTCG-1",0.34898341768434,0.188971920126263,0.330884113428905,"NK_cell",0.0277425636146594,"NK_cell"
"22_CGGAGCTCATTAGCCA-1",0.342784744445575,0.186953675922725,0.303340902902705,"NK_cell",0.0978398115199335,"NK_cell"
"22_CGGGTCAAGCGATCCC-1",0.311240675203052,0.200730833735405,0.255530882722324,"NK_cell",0.0557097924807276,"NK_cell"
"22_CTACACCGTGGTCCGT-1",0.342500482306972,0.220151781594886,0.275085794136274,"NK_cell",0.0674146881706977,"NK_cell"
"22_CTCAGAACATCGGGTC-1",0.29994104740328,0.153914042489522,0.260386173716513,"NK_cell",0.0589532941545583,"NK_cell"
"22_CTCATTAGTGTGCGTC-1",0.31259196133219,0.219906364799352,0.254281553519037,"NK_cell",0.0583104078131529,"NK_cell"
"22_CTCGTCAGTAGCTGCC-1",0.313193865838368,0.199062991321503,0.272175982890031,"NK_cell",0.0888755070934308,"NK_cell"
"22_CTGAAGTAGAGTACAT-1",0.320266841145262,0.176071149133032,0.288695556817032,"NK_cell",0.0514978555751298,"NK_cell"
"22_CTGCTGTCACCGATAT-1",0.379956693710422,0.206381876487297,0.333858135667972,"NK_cell",0.0982600228385098,"NK_cell"
"22_GATGAAATCGGACAAG-1",0.325470250903068,0.24266205024202,0.253416286776896,"NK_cell",0.0720539641261718,"NK_cell"
"22_GCAGCCAGTCATACTG-1",0.353769303381566,0.215289247743482,0.244273865954103,"NK_cell",0.109495437427463,"NK_cell"
"22_GCATGCGGTAGCGCAA-1",0.352455345466012,0.216617117741551,0.324002746266702,"NK_cell",0.0489276893743022,"NK_cell"
"22_GCGGGTTCAGCCAATT-1",0.262514404787606,0.184953165262288,0.213569944316383,"NK_cell",0.0907536322358305,"NK_cell"
"22_GCTCCTACACAACTGT-1",0.330626947817182,0.188236546640129,0.291531640993686,"NK_cell",0.0736885656184095,"NK_cell"
"22_GCTCTGTCAAGACACG-1",0.381888272283034,0.245300841618171,0.316839903401258,"NK_cell",0.0650483688817767,"NK_cell"
"22_GGGAATGTCTCGGACG-1",0.367520319694943,0.253526908088429,0.275044894050603,"NK_cell",0.0924754256443396,"NK_cell"
"22_GGGTTGCCATACTCTT-1",0.302957566651502,0.158522384479497,0.286795394951967,"NK_cell",0.03835112464695,"NK_cell"
"22_GGTGAAGAGTCATGCT-1",0.29515549187822,0.154276840334222,0.258957215747943,"NK_cell",0.0732406630245204,"NK_cell"
"22_GGTGTTAAGCCACGTC-1",0.318395806761069,0.15373738975545,0.284954074979727,"NK_cell",0.0860018198678257,"NK_cell"
"22_GTACGTAAGCGTTTAC-1",0.280027570901402,0.143428669303183,0.254524870957598,"NK_cell",0.0511779233155875,"NK_cell"
"22_GTACTTTAGCTCAACT-1",0.306788413555863,0.187571248112051,0.259664699516468,"NK_cell",0.0617482610782165,"NK_cell"
"22_GTAGTCAGTGTGCGTC-1",0.26828470574555,0.121420603803882,0.259299197760594,"NK_cell",0.00336943167574258,"NK_cell"
"22_GTCGTAATCTCAAGTG-1",0.329220257900953,0.196727884468417,0.261759364592973,"NK_cell",0.0674608933079796,"NK_cell"
"22_GTCTCGTCAAGCCGTC-1",0.274567720981062,0.0772379347237848,0.277009193855473,"NK_cell:IL2",0.008009058801626,"NK_cell:IL2"
"22_GTTAAGCAGGAGCGTT-1",0.331884118726885,0.219083394369973,0.251536604365374,"NK_cell",0.0803475143615116,"NK_cell"
"22_TAAGAGAGTTATTCTC-1",0.332528113063935,0.220460046140658,0.286919632853062,"NK_cell",0.0840822013077054,"NK_cell"
"22_TACAGTGGTCCAGTTA-1",0.333966877066979,0.164772371957191,0.308875474919033,"NK_cell",0.0510125267798506,"NK_cell"
"22_TCAGATGAGAAGGTTT-1",0.316067941478515,0.178495834708008,0.284691956969456,"NK_cell",0.0587095278086307,"NK_cell"
"22_TCGGTAAGTGACGCCT-1",0.318264634504793,0.170011715361661,0.277919999497861,"NK_cell",0.0824956188257947,"NK_cell"
"22_TGACTAGGTCGCCATG-1",0.334567019872187,0.21340460651976,0.294192810821426,"NK_cell",0.0818238324412104,"NK_cell"
"22_TGCCCATTCTCAACTT-1",0.304312526549822,0.168931430538485,0.267141162688506,"NK_cell",0.0783347730527696,"NK_cell"
"22_TGGCGCACAAATCCGT-1",0.323076177413254,0.20098145110858,0.27037206780148,"NK_cell",0.0527041096117744,"NK_cell"
"22_TGGCTGGGTAGTGAAT-1",0.349016888195213,0.161992834201441,0.306093044244232,"NK_cell",0.0743867576126336,"NK_cell"
"22_TTCTCCTAGATCCCGC-1",0.319787838099093,0.165711301771503,0.269324134780291,"NK_cell",0.0504637033188015,"NK_cell"
"23_AAAGATGTCTCGATGA-1",0.288956073882379,0.152474390394958,0.263549178474337,"NK_cell",0.0579555405865992,"NK_cell"
"23_AACACGTCAAGCGCTC-1",0.327140024716089,0.165446623527946,0.266544384815347,"NK_cell",0.0605956399007421,"NK_cell"
"23_AACTCTTAGAGCTTCT-1",0.311786092140378,0.180117701777964,0.251130734054299,"NK_cell",0.0606553580860786,"NK_cell"
"23_AACTTTCTCTCGAGTA-1",0.352793374047113,0.22701383043182,0.294210733789548,"NK_cell",0.0585826402575652,"NK_cell"
"23_AAGCCGCCAGACAAGC-1",0.299204869286607,0.150517105703243,0.256419533510071,"NK_cell",0.0878086230241875,"NK_cell"
"23_AAGGAGCCAATCTGCA-1",0.251087615006321,0.1642777818958,0.214743908597245,"NK_cell",0.0708253412302567,"NK_cell"
"23_AAGGAGCGTGGTAACG-1",0.287896037439896,0.160535854471491,0.227475464068633,"NK_cell",0.060420573371263,"NK_cell"
"23_AATCCAGCACTTACGA-1",0.358078774509645,0.1928216071245,0.304538854910314,"NK_cell",0.0535399195993317,"NK_cell"
"23_ACACCCTGTAATCGTC-1",0.349734379591174,0.220666208597854,0.290463567020798,"NK_cell",0.0592708125703761,"NK_cell"
"23_ACGAGCCAGAGGTTGC-1",0.343737732472404,0.1651998039817,0.312155724939297,"NK_cell",0.067193690940557,"NK_cell"
"23_ACTTGTTAGGACTGGT-1",0.365494669396886,0.20937149773148,0.307502862414984,"NK_cell",0.0579918069819023,"NK_cell"
"23_AGCGGTCAGAGCCTAG-1",0.36157740634815,0.213610790915425,0.326836786950838,"NK_cell",0.060932674544094,"NK_cell"
"23_AGCGGTCGTCCGAAGA-1",0.32190252369673,0.161167693511916,0.312278584930405,"NK_cell",0.0179750731773383,"NK_cell"
"23_AGCGTATCACTAAGTC-1",0.328466096517045,0.204255454470063,0.303978285019343,"NK_cell",0.0447780320403077,"NK_cell"
"23_AGTTGGTAGGACACCA-1",0.331027148361879,0.202823306660892,0.308893520070101,"NK_cell",0.0431289750924259,"NK_cell"
"23_ATAACGCAGTCATCCA-1",0.304817813980894,0.138574714828903,0.306082431928149,"NK_cell:IL2",0.0127992434827634,"NK_cell:IL2"
"23_ATAAGAGCACCCATGG-1",0.290751402236157,0.185725526677121,0.222488621145265,"NK_cell",0.0682627810908924,"NK_cell"
"23_ATCCGAACAGACACTT-1",0.319028398913712,0.216294492351568,0.271986588343246,"NK_cell",0.0702582739366302,"NK_cell"
"23_ATGGGAGAGTGAATTG-1",0.367613259990114,0.229049360466102,0.292070136674657,"NK_cell",0.0755431233154565,"NK_cell"
"23_ATTACTCTCTGGTGTA-1",0.302478141912851,0.140794406198428,0.316929428525044,"NK_cell:IL2",0.0383235803257171,"NK_cell:IL2"
"23_CAACCAAAGCGGATCA-1",0.308095723393614,0.170895985373048,0.310206233186149,"NK_cell",0.000788255373701668,"NK_cell"
"23_CAAGGCCAGCACCGCT-1",0.366145565964503,0.20185224499489,0.322906363933387,"NK_cell",0.086310756093343,"NK_cell"
"23_CACACCTAGTTAGGTA-1",0.347705513128554,0.225019085628141,0.296674247517871,"NK_cell",0.0510312656106826,"NK_cell"
"23_CACAGGCAGTAGGTGC-1",0.322191806481659,0.151177980322668,0.29107279181207,"NK_cell",0.0500151000538979,"NK_cell"
"23_CACATTTGTAGTAGTA-1",0.370060549379598,0.19427142398885,0.310434397708033,"NK_cell",0.0596261516715643,"NK_cell"
"23_CACCAGGCACGCTTTC-1",0.33721096486417,0.223172558143098,0.297023967963428,"NK_cell",0.0759556920447229,"NK_cell"
"23_CAGTAACAGTAGCGGT-1",0.327589103045465,0.166985551337792,0.280445986976898,"NK_cell",0.0892320516682689,"NK_cell"
"23_CCAATCCTCTGGCGAC-1",0.359443538173053,0.226980634077672,0.31068125590999,"NK_cell",0.0862812281921104,"NK_cell"
"23_CCCATACTCGTTGCCT-1",0.224153632473957,0.15082129381864,0.210810711521753,"NK_cell",0.0498802867726341,"NK_cell"
"23_CGCCAAGAGAATGTGT-1",0.311419430853774,0.20937315388645,0.250173347140534,"NK_cell",0.0612460837132398,"NK_cell"
"23_CGCCAAGAGTTAACGA-1",0.359187294883057,0.186148791111792,0.275651035551067,"NK_cell",0.0835362593319898,"NK_cell"
"23_CGCGTTTAGACTAGGC-1",0.296237960284188,0.184487216816822,0.245672192084506,"NK_cell",0.0505657681996819,"NK_cell"
"23_CGCTATCCATGGATGG-1",0.297854045073661,0.201303744410157,0.274649004853939,"NK_cell",0.0409026219453384,"NK_cell"
"23_CGGACGTTCCCTTGCA-1",0.313281409121521,0.191547779894647,0.285574936339429,"NK_cell",0.0357462146104904,"NK_cell"
"23_CGGAGCTTCTTATCTG-1",0.304327590719001,0.150947394719277,0.267956483884297,"NK_cell",0.0768964869536461,"NK_cell"
"23_CGTCAGGCAACACCCG-1",0.35279038316003,0.224534437256606,0.293835983624566,"NK_cell",0.0589543995354634,"NK_cell"
"23_CGTCTACTCTTTACAC-1",0.378014110708882,0.180394362341137,0.335009361098721,"NK_cell",0.0788047586013065,"NK_cell"
"23_CTACACCTCGAGAACG-1",0.31517009155286,0.183343756175966,0.268361711696883,"NK_cell",0.100049380662078,"NK_cell"
"23_CTCACACGTGTGGCTC-1",0.313433373654741,0.177788670611924,0.259970806262002,"NK_cell",0.0534625673927396,"NK_cell"
"23_CTCAGAAGTTTGCATG-1",0.334146082982803,0.202550339280091,0.260807639142218,"NK_cell",0.0733384438405842,"NK_cell"
"23_CTGCTGTAGCAAATCA-1",0.386333308031023,0.279011664627539,0.296125463572259,"NK_cell",0.0902078444587642,"NK_cell"
"23_GAAACTCCACTTCTGC-1",0.34933706591355,0.215819842510532,0.320987116976443,"NK_cell",0.0386506964393772,"NK_cell"
"23_GAAGCAGAGAGGACGG-1",0.332270512025646,0.182544388927833,0.263290447075273,"NK_cell",0.0689800649503733,"NK_cell"
"23_GAAGCAGGTTTACTCT-1",0.340876640761842,0.232862217822486,0.26477557057334,"NK_cell",0.076101070188502,"NK_cell"
"23_GAGCAGAAGCGATAGC-1",0.33376476512443,0.190468029490011,0.28714744250516,"NK_cell",0.0896304686174926,"NK_cell"
"23_GAGGTGATCCGCATCT-1",0.320729732084575,0.211554214626737,0.229839033795115,"NK_cell",0.0908906982894605,"NK_cell"
"23_GCATGCGAGACCGGAT-1",0.312660043538267,0.209344766452181,0.25222844030251,"NK_cell",0.0604316032357566,"NK_cell"
"23_GCGCAGTCATTCTCAT-1",0.345483538457826,0.223117563285062,0.232625844665186,"NK_cell",0.112857693792639,"NK_cell"
"23_GCTGCTTCAAGGGTCA-1",0.390398257692266,0.212727411024179,0.328280464205153,"NK_cell",0.0621177934871128,"NK_cell"
"23_GGCCGATGTGAGGGAG-1",0.350613589685135,0.226759921874938,0.29396103166065,"NK_cell",0.0566525580244849,"NK_cell"
"23_GGGAATGTCTCGCTTG-1",0.328201936318922,0.210958930866287,0.273323291784473,"NK_cell",0.0548786445344497,"NK_cell"
"23_GGGCATCAGTTAGCGG-1",0.329029520085193,0.180910083622378,0.269121919947827,"NK_cell",0.0599076001373661,"NK_cell"
"23_GGTGTTATCATGTCTT-1",0.413590116020332,0.234524228300187,0.369959498899058,"NK_cell",0.0872950869463032,"NK_cell"
"23_GTCACAAAGCAACGGT-1",0.297722567525874,0.172109318483947,0.261371412044475,"NK_cell",0.0751636750818412,"NK_cell"
"23_GTTTCTACAGGAATCG-1",0.31915909307901,0.189636216756228,0.264841352391355,"NK_cell",0.0543177406876549,"NK_cell"
"23_TAGTGGTCAAGCTGGA-1",0.302530897742114,0.169989069010602,0.257591959047441,"NK_cell",0.115165801982116,"NK_cell"
"23_TAGTTGGGTCTGCGGT-1",0.304339581071898,0.119018969687023,0.239234922922977,"NK_cell",0.0651046581489204,"NK_cell"
"23_TATCAGGGTGCAGGTA-1",0.336406538672139,0.167286050455099,0.302360177224986,"NK_cell",0.084926825702923,"NK_cell"
"23_TCAGGATCATTGAGCT-1",0.344615414938283,0.180490620009581,0.279872153716728,"NK_cell",0.0647432612215554,"NK_cell"
"23_TCCCGATTCCAGTAGT-1",0.344508440658316,0.184736945594975,0.302905787718865,"NK_cell",0.0770513663517695,"NK_cell"
"23_TCTGGAATCGTCACGG-1",0.23887245470156,0.249089406700919,0.197909585797121,"NK_cell:CD56hiCD62L+",0.0223446190288102,"NK_cell:CD56hiCD62L+"
"23_TCTTCGGTCTTAGAGC-1",0.288878465538141,0.161124648692825,0.228302590125527,"NK_cell",0.0605758754126138,"NK_cell"
"23_TGACTAGGTCCCTTGT-1",0.306908347116459,0.165945828280878,0.275855829605783,"NK_cell",0.044173986910501,"NK_cell"
"23_TGCACCTTCATCGATG-1",0.324469522280268,0.194538295161823,0.264127181124941,"NK_cell",0.0603423411553277,"NK_cell"
"23_TGCACCTTCTTAGAGC-1",0.35292711791716,0.223743560512329,0.307576481161465,"NK_cell",0.0626629318901577,"NK_cell"
"23_TGCCAAAAGAGACGAA-1",0.277246038096714,0.147214169887173,0.250756360377484,"NK_cell",0.0367743332011299,"NK_cell"
"23_TGCCAAAGTGACCAAG-1",0.317448031895277,0.202546152910936,0.284067858813909,"NK_cell",0.062419915347432,"NK_cell"
"23_TGCCCATCAGCGTCCA-1",0.393822842679303,0.225369766862519,0.313470536522789,"NK_cell",0.0803523061565138,"NK_cell"
"23_TGCCCTACAAACCTAC-1",0.309280390611896,0.164885606240567,0.292207543276825,"NK_cell",0.0424411472790549,"NK_cell"
"23_TGCCCTAGTACTTCTT-1",0.343323713160826,0.208744945514547,0.325200216000014,"NK_cell",0.0526432371949032,"NK_cell"
"23_TGTGTTTCAAAGTCAA-1",0.349083911988337,0.220879003840243,0.316479354445652,"NK_cell",0.0508309192080542,"NK_cell"
"23_TTCTCCTAGTGGGATC-1",0.350324479980549,0.183158033939784,0.340158518599672,"NK_cell",0.0155672841498874,"NK_cell"
"23_TTCTTAGCATCCCACT-1",0.341526899681539,0.21951443727496,0.26238203662608,"NK_cell",0.0791448630554588,"NK_cell"
"23_TTTCCTCCACAGCCCA-1",0.351271288882811,0.204795528050299,0.298469893933891,"NK_cell",0.0528013949489207,"NK_cell"
"23_TTTGCGCGTTACGGAG-1",0.23210282996825,0.0953988033230145,0.219611407066831,"NK_cell",0.015249164315498,"NK_cell"
"23_TTTGTCATCGGCTTGG-1",0.280179813831613,0.177786502335391,0.254091792456801,"NK_cell",0.021165950134345,"NK_cell"
"24_AAAGATGAGAAGATTC-1",0.259293243733458,0.0950826593167349,0.26741570334445,"NK_cell:IL2",0.000155589027909853,"NK_cell:IL2"
"24_AACTGGTAGATCCCAT-1",0.302431668942475,0.186568745690978,0.263480943248131,"NK_cell",0.0817501719255089,"NK_cell"
"24_AAGTCTGAGTGACTCT-1",0.281977800451918,0.155876856670343,0.259850176490199,"NK_cell",0.0298679020527858,"NK_cell"
"24_ACCTTTATCGTAGGAG-1",0.296746737377961,0.162460648797775,0.27034950530747,"NK_cell",0.071443401524181,"NK_cell"
"24_ACGGCCAAGGTGATAT-1",0.333938124737826,0.20401098449344,0.266593015825797,"NK_cell",0.0673451089120297,"NK_cell"
"24_AGGCCACCAATAGCGG-1",0.307981463714634,0.185220570993678,0.253486766670886,"NK_cell",0.0544946970437485,"NK_cell"
"24_AGGTCATGTGTCAATC-1",0.342572614840076,0.185820171444844,0.298871601420191,"NK_cell",0.0771451949850397,"NK_cell"
"24_AGTGAGGGTGACCAAG-1",0.34905009709069,0.206507423043161,0.302630042261447,"NK_cell",0.0876070681049881,"NK_cell"
"24_CAGGTGCCAACACCTA-1",0.263208192077352,0.143622803242916,0.283680311400691,"NK_cell:IL2",0.0570228326242609,"NK_cell:IL2"
"24_CATCAGAAGTATCTCG-1",0.309507958310605,0.172501389149823,0.271955111172578,"NK_cell",0.0890887364298432,"NK_cell"
"24_CATCCACTCTTGCCGT-1",0.356518147869246,0.212711581471428,0.3177155020076,"NK_cell",0.0766829598350063,"NK_cell"
"24_CCCAATCTCATGTAGC-1",0.331314680712317,0.154332278980585,0.30113022508876,"NK_cell",0.0501945297244858,"NK_cell"
"24_CCGTGGAAGTTCGATC-1",0.299198778884288,0.172429755948649,0.250528530263718,"NK_cell",0.109795837481774,"NK_cell"
"24_CCTCTGAAGGGAGTAA-1",0.360364818472501,0.225407354089756,0.292421556632004,"NK_cell",0.0679432618404968,"NK_cell"
"24_CGAGCACTCGTACGGC-1",0.303301594301496,0.196824992387767,0.258808013379724,"NK_cell",0.086552316438053,"NK_cell"
"24_CGCTTCATCTACTATC-1",0.342300844056079,0.19489628202008,0.313495020077695,"NK_cell",0.0632715147808534,"NK_cell"
"24_CTTCTCTAGAATAGGG-1",0.358464330455308,0.197541452198592,0.260177138938378,"NK_cell",0.0982871915169304,"NK_cell"
"24_CTTGGCTTCAACACGT-1",0.328886760141215,0.222440812037325,0.267540149472192,"NK_cell",0.0613466106690229,"NK_cell"
"24_GAACATCTCTTCTGGC-1",0.328705087645793,0.206108872292755,0.261600161009535,"NK_cell",0.0671049266362574,"NK_cell"
"24_GAACGGAGTAGCGTAG-1",0.321513997535122,0.160142583443301,0.283162351600683,"NK_cell",0.0627045018067935,"NK_cell"
"24_GAATGAATCGATGAGG-1",0.313018873362463,0.17777646685294,0.262925050793682,"NK_cell",0.0500938225687809,"NK_cell"
"24_GACAGAGGTATATGAG-1",0.318970420188313,0.201044223041366,0.287889343903847,"NK_cell",0.051386570872439,"NK_cell"
"24_GACGCGTCACGCGAAA-1",0.245865246071825,0.131223502925021,0.223555843215165,"NK_cell",0.0207925909023334,"NK_cell"
"24_GATCGTAGTAGGGTAC-1",0.27566988048963,0.163103420073327,0.217232544156632,"NK_cell",0.0584373363329988,"NK_cell"
"24_GATGAGGCATCGACGC-1",0.333307664228791,0.22014300487196,0.289451063503898,"NK_cell",0.0665725940485167,"NK_cell"
"24_GCGCAACGTGGTCTCG-1",0.29374930293531,0.190044770737016,0.250672859074018,"NK_cell",0.10515691033189,"NK_cell"
"24_GCGGGTTAGTACCGGA-1",0.275414319211857,0.12911616119035,0.238643160611784,"NK_cell",0.0683673145991686,"NK_cell"
"24_GGCAATTCATGGGACA-1",0.336859304363998,0.173351489631801,0.288323344839783,"NK_cell",0.110831854276878,"NK_cell"
"24_GGCGTGTGTACCGTTA-1",0.27639978679539,0.198984338004908,0.240068368558377,"NK_cell",0.0420414541153855,"NK_cell"
"24_GGCTGGTAGATCGATA-1",0.33091032209658,0.192705345151511,0.297010135978935,"NK_cell",0.0787381972482741,"NK_cell"
"24_GGTATTGAGGAGCGTT-1",0.319883654483914,0.195950119684709,0.293062390680547,"NK_cell",0.0417996553661436,"NK_cell"
"24_GGTGCGTGTTCACGGC-1",0.283936387177172,0.203759927281917,0.237512571475347,"NK_cell",0.082347175112205,"NK_cell"
"24_GTACGTATCCGCAAGC-1",0.318107086179707,0.227393002049616,0.269154478222662,"NK_cell",0.0801876431894427,"NK_cell"
"24_GTACTCCAGTTTCCTT-1",0.346531013254783,0.203332116823878,0.302410155083049,"NK_cell",0.0928274594559567,"NK_cell"
"24_GTACTCCTCTACTTAC-1",0.25188169167413,0.127351801242593,0.244000060710045,"NK_cell",0.018059476791081,"NK_cell"
"24_GTGCATATCGAATCCA-1",0.326882006508213,0.220382751380292,0.295223516742855,"NK_cell",0.0601432998889742,"NK_cell"
"24_GTGCGGTTCTTACCGC-1",0.327985214787963,0.188979924360616,0.274569498389012,"NK_cell",0.0534157163989509,"NK_cell"
"24_GTTAAGCCATTTGCCC-1",0.296107065430969,0.176444152789585,0.258283809622003,"NK_cell",0.0632481223460814,"NK_cell"
"24_TAAACCGTCACTGGGC-1",0.322221339160958,0.199429203622816,0.296679516971377,"NK_cell",0.0392973801756359,"NK_cell"
"24_TACCTTAAGAGCTTCT-1",0.33292814610243,0.221216333486235,0.284052112358706,"NK_cell",0.0931177695306327,"NK_cell"
"24_TAGCCGGCAATAGCAA-1",0.333191036604499,0.20195150554132,0.268022590697938,"NK_cell",0.0651684459065615,"NK_cell"
"24_TCACAAGAGTGGTAAT-1",0.309547799344909,0.155579811484601,0.28846401081318,"NK_cell",0.0519958081481936,"NK_cell"
"24_TCAGCTCCATAGTAAG-1",0.415034986668271,0.261409505047482,0.34280308759553,"NK_cell",0.0722318990727413,"NK_cell"
"24_TCTATTGGTGGGTATG-1",0.326139404294094,0.18821210379747,0.257497088055062,"NK_cell",0.0686423162390319,"NK_cell"
"24_TGACAACTCAATCACG-1",0.357490638383237,0.209766815542965,0.336993070313084,"NK_cell",0.0336856581846109,"NK_cell"
"24_TTAGGACCACTGAAGG-1",0.320723268940911,0.127885077052966,0.297317273934447,"NK_cell",0.0474282308572168,"NK_cell"
"24_TTCTCAACAGGGTACA-1",0.353497536605052,0.188667739747094,0.325088087384414,"NK_cell",0.0456803679590654,"NK_cell"
"24_TTGAACGAGCAAATCA-1",0.242672534785268,0.121297425216609,0.196247241016112,"NK_cell",0.0607573266292396,"NK_cell"
"24_TTGACTTGTCTCTTTA-1",0.369098234854844,0.190167954677876,0.328392735606727,"NK_cell",0.0830989102989534,"NK_cell"
